Rk,Player,Pos,Age,Tm,G,MP,PER,TS%,3PAr,FTr,ORB%,DRB%,TRB%,AST%,STL%,BLK%,TOV%,USG%,OWS,DWS,WS,WS/48,OBPM,DBPM,BPM,VORP,Conference
1,Mahmoud Abdul-Rauf\abdulma02,PG,31,VAN,41,486,16.7,0.514,0.057,0.11800000000000001,1.2,4.7,2.9,32.7,1.0,0.1,9.1,26.8,0.7,0.0,0.7,0.07,0.8,-5.3,-4.5,-0.3,West
2,Tariq Abdul-Wahad\abdulta01,SG,26,DEN,29,420,5.8,0.43799999999999994,0.09,0.324,3.6,11.8,7.6,8.1,1.7,2.1,21.1,17.1,-0.7,0.3,-0.4,-0.049,-5.9,0.0,-5.9,-0.4,West
3,Shareef Abdur-Rahim\abdursh01,SF,24,VAN,81,3241,19.1,0.5489999999999999,0.05,0.415,6.2,19.6,13.0,14.3,1.5,1.6,13.2,24.6,5.6,2.9,8.5,0.126,1.3,0.9,2.2,3.5,West
4,Cory Alexander\alexaco01,PG,27,ORL,26,227,6.3,0.40700000000000003,0.28600000000000003,0.321,0.0,12.5,6.1,23.5,3.6,0.0,28.1,17.3,-0.5,0.3,-0.1,-0.031,-5.9,-0.1,-6.1,-0.2,East
5,Courtney Alexander\alexaco02,PG,23,TOT,65,1382,11.6,0.484,0.08,0.262,3.5,8.4,5.9,8.0,1.7,0.3,10.5,23.2,0.3,0.5,0.8,0.027000000000000003,-1.8,-2.5,-4.4,-0.8,NaN
5,Courtney Alexander\alexaco02,PG,23,DAL,38,472,6.8,0.40399999999999997,0.055999999999999994,0.253,4.9,9.9,7.5,6.9,1.7,0.5,9.6,21.1,-0.5,0.4,-0.1,-0.013000000000000001,-4.8,-1.8,-6.6,-0.5,West
5,Courtney Alexander\alexaco02,PG,23,WAS,27,910,14.2,0.519,0.091,0.266,2.8,7.6,5.1,8.6,1.7,0.2,10.9,24.3,0.9,0.1,0.9,0.048,-0.3,-2.9,-3.2,-0.3,East
6,Ray Allen*\allenra02,SG,25,MIL,82,3129,22.9,0.61,0.35700000000000004,0.299,3.7,11.8,7.8,20.4,2.1,0.5,12.1,24.4,11.5,2.2,13.7,0.21100000000000002,6.5,-0.9,5.6,6.0,East
7,Rafer Alston\alstora01,PG,24,MIL,37,288,12.1,0.429,0.35700000000000004,0.155,1.6,10.6,6.1,34.6,2.4,0.0,18.2,17.2,0.1,0.2,0.3,0.055,-1.8,-2.7,-4.5,-0.2,East
8,John Amaechi\amaecjo01,C,30,ORL,82,1710,8.7,0.455,0.012,0.47100000000000003,4.9,12.7,8.7,7.0,0.8,1.2,14.8,21.7,-1.3,1.4,0.0,0.001,-5.1,-1.8,-6.9,-2.1,East
9,Derek Anderson\anderde01,SG,26,SAS,82,2859,17.1,0.542,0.255,0.405,3.1,10.9,7.2,18.1,2.2,0.3,12.4,21.9,5.6,4.3,9.9,0.166,2.6,1.0,3.6,4.0,West
10,Kenny Anderson\anderke01,PG,30,BOS,33,849,12.2,0.47600000000000003,0.145,0.313,2.1,8.2,5.0,26.5,2.7,0.2,16.8,16.6,0.4,0.7,1.1,0.063,-2.0,-1.3,-3.2,-0.3,East
11,Nick Anderson\anderni01,SG,33,SAC,21,169,6.4,0.33299999999999996,0.684,0.0,2.0,13.7,8.0,11.0,3.0,1.6,10.9,16.7,-0.3,0.3,0.0,-0.011000000000000001,-4.0,0.9,-3.1,0.0,West
12,Shandon Anderson\andersh01,SG,27,HOU,82,2396,11.9,0.528,0.28800000000000003,0.319,3.6,12.3,8.0,12.5,1.8,1.2,16.3,15.4,1.9,2.0,3.9,0.078,-0.2,0.8,0.6,1.6,West
13,Greg Anthony\anthogr01,PG,33,POR,58,856,12.0,0.525,0.628,0.138,3.0,5.4,4.3,14.8,2.5,0.3,13.8,16.9,0.9,0.7,1.6,0.09,1.0,-1.7,-0.6,0.3,West
14,Darrell Armstrong\armstda01,PG,32,ORL,75,2767,18.6,0.535,0.402,0.249,3.7,10.2,6.9,31.3,2.5,0.3,15.2,21.0,5.8,2.9,8.7,0.151,4.0,-0.5,3.5,3.8,East
15,Chucky Atkins\atkinch01,PG,26,DET,81,2363,12.2,0.48100000000000004,0.35600000000000004,0.13699999999999998,1.2,6.7,3.9,24.3,1.4,0.1,12.9,21.2,1.2,1.6,2.8,0.057,0.3,-2.2,-1.8,0.1,East
16,Stacey Augmon\augmost01,SG,32,POR,66,1182,12.3,0.511,0.015,0.327,6.3,9.7,8.0,12.7,2.2,1.3,13.6,13.9,1.3,1.2,2.5,0.102,-1.0,0.9,-0.2,0.6,West
17,Isaac Austin\austiis01,C,31,VAN,52,845,8.3,0.39299999999999996,0.08900000000000001,0.14800000000000002,6.8,23.1,15.0,11.2,1.2,1.9,15.8,18.5,-1.3,0.9,-0.5,-0.026000000000000002,-5.8,0.6,-5.2,-0.7,West
18,William Avery\averywi01,PG,21,MIN,55,463,9.0,0.48200000000000004,0.41,0.25,1.2,6.0,3.6,24.0,1.5,0.6,22.0,20.0,-0.2,0.2,0.0,-0.003,-3.0,-3.7,-6.7,-0.5,West
19,Dalibor Bagaric\bagarda01,C,20,CHI,35,259,3.3,0.304,0.015,0.431,9.7,16.2,12.8,6.2,1.9,4.6,21.4,17.6,-0.9,0.2,-0.7,-0.121,-9.3,0.6,-8.7,-0.4,East
20,Vin Baker\bakervi01,PF,29,SEA,76,2129,13.0,0.48100000000000004,0.019,0.391,9.7,13.5,11.6,7.0,0.9,2.5,14.1,23.8,0.6,1.2,1.8,0.04,-2.4,-1.3,-3.7,-0.9,West
21,Erick Barkley\barkler01,PG,22,POR,8,38,10.3,0.43200000000000005,0.364,0.0,0.0,9.1,4.7,28.8,2.8,0.0,18.5,33.0,-0.1,0.0,-0.1,-0.075,-3.4,-3.6,-7.0,0.0,West
22,Dana Barros\barroda01,PG,33,DET,60,1079,14.3,0.534,0.255,0.19399999999999998,0.6,8.9,4.7,18.0,1.4,0.1,11.8,20.4,1.4,0.8,2.3,0.10099999999999999,0.0,-2.1,-2.1,0.0,East
23,Brent Barry\barrybr01,SG,29,SEA,67,1778,16.6,0.66,0.5710000000000001,0.257,2.1,11.4,6.8,19.4,2.4,0.6,16.2,13.5,4.6,1.2,5.8,0.157,3.5,-0.3,3.2,2.3,West
24,Jon Barry\barryjo01,SG,31,SAC,62,1010,12.4,0.55,0.518,0.28600000000000003,1.8,8.1,5.0,19.0,1.4,0.4,15.6,14.9,1.5,0.9,2.4,0.114,0.0,-1.4,-1.4,0.2,West
25,Tony Battie\battito01,C,24,BOS,40,845,15.2,0.562,0.015,0.34299999999999997,9.7,23.1,16.1,3.3,1.7,5.4,13.8,14.4,1.0,1.3,2.3,0.131,-2.9,1.8,-1.2,0.2,East
26,Raja Bell\bellra01,SG,24,PHI,5,30,-0.6,0.35700000000000004,0.429,0.0,0.0,3.7,1.9,0.0,1.8,0.0,22.2,13.6,-0.1,0.0,-0.1,-0.091,-7.7,-1.4,-9.1,-0.1,East
27,Jonathan Bender\bendejo01,SF,20,IND,59,574,7.6,0.447,0.22,0.366,2.9,11.5,7.3,9.4,0.7,3.5,16.3,21.0,-0.7,0.5,-0.1,-0.012,-5.5,-0.8,-6.3,-0.6,East
28,Corey Benjamin\benjaco01,PG,22,CHI,65,857,8.8,0.45299999999999996,0.268,0.275,5.1,8.9,6.9,14.6,1.8,1.4,15.7,21.8,-0.8,0.3,-0.5,-0.027999999999999997,-3.1,-2.6,-5.7,-0.8,East
29,David Benoit\benoida01,SF,32,UTA,49,446,11.1,0.542,0.08800000000000001,0.265,5.7,16.6,11.3,8.4,0.7,1.1,14.6,19.8,0.4,0.4,0.7,0.08,-2.0,-1.7,-3.7,-0.2,West
30,Travis Best\besttr01,PG,28,IND,77,2457,16.7,0.517,0.12300000000000001,0.287,1.8,8.2,5.1,34.0,2.4,0.3,12.5,19.3,4.8,2.3,7.2,0.14,1.6,-1.0,0.6,1.6,East
31,Mike Bibby\bibbymi01,PG,22,VAN,82,3190,16.8,0.525,0.24600000000000002,0.162,1.7,9.2,5.5,38.3,1.8,0.3,16.7,21.3,4.0,1.4,5.3,0.081,2.3,-1.6,0.7,2.2,West
32,Chauncey Billups\billuch01,SG,24,MIN,77,1790,14.1,0.5379999999999999,0.33,0.29100000000000004,2.0,8.1,5.0,22.2,1.5,0.4,14.4,19.5,2.7,0.9,3.7,0.098,1.0,-2.4,-1.4,0.3,West
33,Mookie Blaylock\blaylmo01,PG,33,GSW,69,2352,15.8,0.455,0.281,0.095,3.0,9.9,6.1,32.3,3.5,0.6,13.3,17.3,1.9,1.6,3.5,0.071,1.1,-0.3,0.8,1.7,West
34,Corie Blount\blounco01,PF,32,TOT,68,1305,11.8,0.473,0.027000000000000003,0.282,13.9,19.4,16.5,7.1,1.6,1.2,18.1,13.2,0.5,1.2,1.8,0.065,-2.3,0.7,-1.7,0.1,NaN
34,Corie Blount\blounco01,PF,32,PHO,30,387,5.8,0.504,0.0,0.319,10.1,14.9,12.4,3.0,1.7,0.9,25.1,8.3,0.0,0.6,0.6,0.077,-4.2,1.7,-2.5,0.0,West
34,Corie Blount\blounco01,PF,32,GSW,38,918,14.3,0.46799999999999997,0.032,0.275,15.6,21.3,18.2,8.9,1.6,1.3,16.6,15.3,0.5,0.6,1.1,0.06,-1.6,0.3,-1.3,0.2,West
35,Mark Blount\blounma01,C,25,BOS,64,1098,11.1,0.541,0.0,0.33,9.9,14.9,12.3,4.8,1.8,5.3,21.3,12.0,0.5,1.4,1.9,0.084,-3.4,2.6,-0.8,0.3,East
36,Muggsy Bogues\boguemu01,PG,36,TOR,3,34,-0.5,0.0,0.5,0.0,0.0,10.2,5.0,19.3,3.1,0.0,66.7,7.9,-0.1,0.0,-0.1,-0.128,-9.7,1.5,-8.3,-0.1,East
37,Etdrick Bohannon\bohanet01,PF,27,CLE,6,19,22.4,0.6940000000000001,0.0,1.0,18.3,24.3,21.3,0.0,0.0,7.7,14.8,16.1,0.1,0.0,0.1,0.276,-1.2,-3.5,-4.7,0.0,East
38,Calvin Booth\boothca01,C,24,TOT,55,933,16.1,0.512,0.0,0.31,9.5,21.1,15.2,7.4,1.6,8.5,15.6,16.3,0.6,1.4,2.1,0.106,-2.6,4.1,1.5,0.8,NaN
38,Calvin Booth\boothca01,C,24,WAS,40,640,14.7,0.48200000000000004,0.0,0.268,9.5,22.5,15.9,5.9,1.4,9.1,16.1,15.6,0.1,0.9,1.0,0.07400000000000001,-3.7,3.8,0.1,0.3,East
38,Calvin Booth\boothca01,C,24,DAL,15,293,18.9,0.568,0.0,0.39299999999999996,9.4,17.8,13.7,10.4,2.1,7.3,14.7,17.9,0.5,0.6,1.1,0.17600000000000002,-0.1,4.5,4.5,0.5,West
39,Cal Bowdler\bowdlca01,SF,23,ATL,44,375,15.8,0.532,0.044000000000000004,0.35100000000000003,8.9,14.1,11.4,1.8,1.4,4.0,7.7,17.0,0.7,0.4,1.0,0.134,-2.0,-0.8,-2.8,-0.1,East
40,Bruce Bowen\bowenbr01,SF,29,MIA,82,2685,8.1,0.478,0.528,0.27699999999999997,2.0,8.8,5.4,8.2,1.7,1.5,10.2,13.1,0.5,3.7,4.2,0.075,-1.4,1.8,0.4,1.6,East
41,Ryan Bowen\bowenry01,SF,25,DEN,57,696,13.3,0.585,0.076,0.306,9.6,8.1,8.8,6.8,2.8,1.2,12.8,12.0,1.2,0.4,1.7,0.114,0.2,0.7,0.9,0.5,West
42,Ira Bowman\bowmair01,PG,27,ATL,3,19,9.2,0.0,0.0,0.0,5.8,5.9,5.9,50.5,0.0,0.0,33.3,7.1,0.0,0.0,0.0,-0.024,-6.9,-5.8,-12.7,-0.1,East
43,Earl Boykins\boykiea01,PG,24,LAC,10,149,17.2,0.461,0.127,0.27,3.2,5.2,4.2,38.7,1.8,0.0,11.3,24.7,0.2,0.1,0.3,0.08900000000000001,1.2,-3.9,-2.7,0.0,West
44,Shawn Bradley\bradlsh01,C,28,DAL,82,2001,16.2,0.551,0.013000000000000001,0.39799999999999996,9.2,24.4,17.0,2.8,0.9,8.1,14.3,13.9,2.5,3.8,6.3,0.151,-2.5,3.8,1.3,1.7,West
45,Elton Brand\brandel01,PF,21,CHI,74,2906,20.4,0.524,0.002,0.38799999999999996,11.2,19.6,15.2,17.0,1.3,3.0,13.3,26.3,4.1,2.0,6.1,0.10099999999999999,1.7,0.5,2.2,3.0,East
46,Terrell Brandon\brandte01,PG,30,MIN,78,2821,20.0,0.507,0.08,0.198,2.4,9.7,6.0,33.7,3.0,0.5,11.2,22.2,5.8,2.7,8.5,0.145,2.8,-0.3,2.5,3.2,West
47,Chucky Brown\brownch01,SF,32,TOT,26,339,9.7,0.46399999999999997,0.032,0.358,2.6,15.7,9.0,5.3,1.4,1.5,6.8,15.5,0.1,0.2,0.4,0.05,-4.0,-1.2,-5.2,-0.3,NaN
47,Chucky Brown\brownch01,SF,32,GSW,6,74,13.4,0.49200000000000005,0.1,0.5,4.0,23.4,12.9,10.9,2.1,1.0,7.6,15.1,0.1,0.1,0.2,0.098,-2.9,-0.5,-3.4,0.0,West
47,Chucky Brown\brownch01,SF,32,CLE,20,265,8.7,0.456,0.013000000000000001,0.32,2.2,13.5,7.9,3.7,1.2,1.7,6.6,15.6,0.0,0.2,0.2,0.036000000000000004,-4.3,-1.4,-5.7,-0.2,East
48,Dee Brown\brownde01,PG,32,ORL,7,155,9.0,0.519,0.727,0.114,0.0,8.1,3.9,11.9,1.3,0.0,13.2,15.2,0.1,0.1,0.2,0.059000000000000004,-0.8,-2.7,-3.5,-0.1,East
49,P.J. Brown\brownpj01,C,31,CHH,80,2811,13.3,0.518,0.006999999999999999,0.373,10.5,19.6,15.1,7.3,1.5,2.4,14.2,12.5,3.4,4.7,8.0,0.13699999999999998,-1.3,2.8,1.5,2.5,East
50,Randy Brown\brownra02,PG,32,BOS,54,1238,8.2,0.43799999999999994,0.013000000000000001,0.16899999999999998,2.1,7.5,4.7,20.1,2.6,0.6,18.0,11.4,-0.1,1.0,0.9,0.034,-3.8,-0.1,-3.9,-0.6,East
51,Rick Brunson\brunsri01,PG,28,TOT,22,208,6.3,0.38,0.259,0.278,2.9,9.2,6.0,24.2,2.0,0.4,21.9,17.4,-0.4,0.2,-0.2,-0.039,-5.4,-1.7,-7.1,-0.3,NaN
51,Rick Brunson\brunsri01,PG,28,BOS,7,142,5.6,0.33399999999999996,0.314,0.257,1.6,6.0,3.7,26.9,2.6,0.5,18.8,15.3,-0.2,0.1,-0.1,-0.043,-5.3,-2.3,-7.6,-0.2,East
51,Rick Brunson\brunsri01,PG,28,NYK,15,66,7.8,0.462,0.158,0.316,5.7,16.0,11.0,18.6,0.8,0.0,27.0,21.9,-0.1,0.1,0.0,-0.03,-5.6,-0.5,-6.1,-0.1,East
52,Kobe Bryant\bryanko01,SG,22,LAL,68,2783,24.5,0.552,0.132,0.369,4.3,11.8,8.1,23.0,2.1,1.1,11.1,31.8,9.2,2.2,11.3,0.196,5.3,-1.0,4.2,4.4,West
53,Mark Bryant\bryanma01,PF,35,DAL,18,101,2.1,0.428,0.0,0.25,4.5,18.3,11.6,4.2,0.5,1.4,18.4,12.2,-0.1,0.1,0.0,0.005,-6.2,-0.5,-6.6,-0.1,West
54,Greg Buckner\buckngr01,SG,24,DAL,37,820,12.1,0.503,0.036000000000000004,0.42200000000000004,8.4,12.9,10.7,8.8,2.1,0.8,10.6,14.1,1.1,0.9,2.0,0.11800000000000001,-0.3,1.1,0.8,0.6,West
55,Jud Buechler\buechju01,SF,32,DET,57,737,9.9,0.57,0.47,0.073,2.9,11.0,6.8,8.4,1.4,1.0,12.9,11.4,0.8,0.7,1.5,0.098,-1.1,0.1,-1.0,0.2,East
56,Rodney Buford\buforro01,SF,23,PHI,47,573,11.3,0.489,0.158,0.12,3.2,11.2,7.3,5.4,1.6,0.8,10.3,22.3,0.1,0.7,0.8,0.071,-2.7,-1.6,-4.3,-0.3,East
57,Matt Bullard\bullama01,PF,33,HOU,61,1000,13.0,0.569,0.698,0.046,2.6,12.2,7.5,6.9,0.5,0.6,3.7,14.9,2.2,0.4,2.6,0.125,2.2,-2.6,-0.3,0.4,West
58,Scott Burrell\burresc01,SF,30,CHH,4,41,12.8,0.507,0.4,0.267,2.8,5.5,4.2,4.6,3.9,0.0,0.0,18.8,0.1,0.1,0.1,0.135,0.6,-1.6,-1.0,0.0,East
59,Jason Caffey\caffeja01,PF,27,MIL,70,1460,13.7,0.544,0.0,0.575,10.6,16.8,13.7,5.5,1.4,1.3,14.3,16.6,2.3,1.2,3.5,0.114,-1.1,-0.7,-1.8,0.1,East
60,Marcus Camby\cambyma01,C,26,NYK,63,2127,20.9,0.5589999999999999,0.013999999999999999,0.38799999999999996,11.5,29.0,20.5,4.5,1.7,5.2,8.5,17.0,4.8,5.5,10.3,0.233,0.1,4.1,4.2,3.3,East
61,Elden Campbell\campbel01,PF,32,CHH,78,2337,16.4,0.505,0.006999999999999999,0.48700000000000004,7.7,21.9,14.8,8.1,1.4,4.4,12.4,22.8,1.9,4.5,6.4,0.131,-2.6,1.9,-0.7,0.8,East
62,Brian Cardinal\cardibr01,PF,23,DET,15,126,4.7,0.39799999999999996,0.161,0.581,6.7,13.0,9.8,3.6,2.8,1.1,18.8,16.5,-0.2,0.2,0.0,-0.009000000000000001,-6.0,0.5,-5.5,-0.1,East
63,Chris Carr\carrch01,SG,26,BOS,35,309,16.3,0.611,0.33,0.536,4.0,13.0,8.3,6.7,0.7,0.7,12.1,23.1,0.8,0.2,0.9,0.142,0.2,-4.4,-4.2,-0.2,East
64,Anthony Carter\cartean01,PG,25,MIA,72,1630,11.3,0.439,0.083,0.215,3.4,9.8,6.6,29.5,2.5,0.5,18.5,19.2,-0.8,2.5,1.7,0.05,-2.8,0.7,-2.1,0.0,East
65,Vince Carter\cartevi01,SF,24,TOR,75,2979,25.0,0.551,0.24,0.303,6.5,9.3,7.9,19.2,2.0,1.9,8.2,30.7,10.3,2.6,12.9,0.20800000000000002,7.7,-0.6,7.0,6.8,East
66,Sam Cassell\cassesa01,PG,31,MIL,76,2709,20.1,0.542,0.087,0.285,1.9,10.1,6.1,36.4,1.7,0.2,14.7,24.9,7.0,1.4,8.5,0.15,2.9,-1.9,1.1,2.1,East
67,Kelvin Cato\catoke01,C,26,HOU,35,624,13.0,0.606,0.0,0.514,8.9,17.0,13.1,2.8,1.1,3.4,15.5,11.9,1.0,0.7,1.7,0.128,-1.4,0.8,-0.6,0.2,West
68,Duane Causwell\causwdu01,C,32,MIA,31,384,4.8,0.396,0.0,0.294,7.1,18.6,12.8,2.2,1.1,3.6,19.3,15.0,-0.7,0.7,0.0,0.002,-8.2,1.4,-6.8,-0.5,East
69,Cedric Ceballos\cebalce01,SF,31,TOT,40,559,15.4,0.526,0.319,0.188,7.1,15.0,11.0,6.9,1.5,0.9,11.4,23.5,0.5,0.8,1.3,0.114,-0.7,-1.5,-2.2,0.0,NaN
69,Cedric Ceballos\cebalce01,SF,31,DET,13,166,13.0,0.49700000000000005,0.563,0.141,4.4,12.5,8.4,7.4,1.8,1.3,10.7,22.0,0.1,0.2,0.3,0.081,0.0,-1.7,-1.7,0.0,East
69,Cedric Ceballos\cebalce01,SF,31,MIA,27,393,16.4,0.539,0.209,0.209,8.2,16.0,12.1,6.7,1.4,0.8,11.8,24.1,0.5,0.6,1.1,0.129,-0.9,-1.5,-2.4,0.0,East
70,Calbert Cheaney\cheanca01,SG,29,DEN,9,153,4.1,0.34,0.0,0.067,3.5,10.8,7.1,8.6,1.4,0.9,13.9,10.5,-0.2,0.1,-0.1,-0.035,-5.8,0.1,-5.7,-0.1,West
71,Chris Childs\childch01,PG,33,TOT,77,1859,9.0,0.494,0.316,0.212,1.5,11.2,6.4,29.8,1.7,0.6,29.9,13.3,-0.2,2.3,2.2,0.057,-2.5,0.3,-2.2,-0.1,NaN
71,Chris Childs\childch01,PG,33,NYK,51,1309,9.1,0.506,0.28800000000000003,0.207,1.3,11.1,6.4,29.0,1.6,0.4,28.8,12.7,0.1,1.8,2.0,0.073,-2.3,0.7,-1.7,0.1,East
71,Chris Childs\childch01,PG,33,TOR,26,550,8.8,0.47200000000000003,0.37200000000000005,0.221,2.0,11.3,6.6,31.5,2.1,1.0,31.9,14.8,-0.3,0.5,0.2,0.018000000000000002,-2.9,-0.6,-3.5,-0.2,East
72,Doug Christie\chrisdo01,SG,30,SAC,81,2939,14.8,0.5379999999999999,0.317,0.396,3.6,9.3,6.5,14.6,3.2,1.0,14.3,16.2,4.3,4.4,8.7,0.141,1.4,2.3,3.6,4.1,West
73,Keon Clark\clarkke01,PF,25,TOT,81,1720,15.6,0.512,0.002,0.462,8.6,19.6,14.0,6.8,1.0,6.3,12.6,18.6,1.5,2.2,3.7,0.10400000000000001,-2.3,2.1,-0.3,0.7,NaN
73,Keon Clark\clarkke01,PF,25,DEN,35,752,11.0,0.46299999999999997,0.0,0.528,8.3,18.7,13.4,7.0,1.1,4.0,16.4,17.4,-0.2,0.7,0.5,0.031,-4.3,1.1,-3.1,-0.2,West
73,Keon Clark\clarkke01,PF,25,TOR,46,968,19.2,0.544,0.003,0.42200000000000004,8.9,20.3,14.4,6.6,0.9,8.0,10.0,19.5,1.7,1.6,3.2,0.161,-0.8,2.8,1.9,1.0,East
74,Mateen Cleaves\cleavma01,PG,23,DET,78,1268,9.0,0.45799999999999996,0.043,0.34299999999999997,2.2,9.1,5.6,26.8,2.0,0.1,23.2,20.5,-1.3,1.2,-0.1,-0.006,-4.1,-1.0,-5.2,-1.0,East
75,John Coker\cokerjo01,C,29,GSW,6,32,-2.8,0.125,0.0,0.0,9.2,7.2,8.3,8.8,1.6,0.0,20.0,13.2,-0.1,0.0,-0.1,-0.192,-9.7,-1.4,-11.1,-0.1,West
76,Derrick Coleman\colemde01,PF,33,CHH,34,683,13.8,0.469,0.2,0.361,7.7,23.0,15.4,10.2,0.8,2.3,12.4,22.8,0.1,1.1,1.2,0.08199999999999999,-3.0,-0.3,-3.3,-0.2,East
77,Bimbo Coles\colesbi01,PG,32,CLE,47,804,9.3,0.44,0.067,0.23399999999999999,1.3,5.6,3.5,27.9,1.8,0.5,18.3,18.1,-0.3,0.3,0.0,0.0,-3.2,-2.9,-6.1,-0.8,East
78,Jason Collier\collija02,C,23,HOU,23,222,7.4,0.435,0.013999999999999999,0.33799999999999997,6.4,12.7,9.6,4.4,0.5,0.9,11.9,19.2,-0.1,0.1,0.0,-0.001,-5.2,-2.8,-8.0,-0.3,West
79,Sean Colson\colsose01,PG,25,TOT,13,44,6.8,0.29100000000000004,0.20800000000000002,0.16699999999999998,5.4,10.2,7.7,38.7,1.2,0.0,7.2,28.8,-0.1,0.0,-0.1,-0.106,-3.0,-3.3,-6.3,0.0,NaN
79,Sean Colson\colsose01,PG,25,ATL,3,14,-10.6,0.0,0.2,0.0,0.0,24.0,11.9,29.4,0.0,0.0,28.6,22.3,-0.1,0.0,-0.1,-0.465,-17.5,-1.6,-19.0,-0.1,East
79,Sean Colson\colsose01,PG,25,HOU,10,30,14.9,0.361,0.21100000000000002,0.21100000000000002,7.9,3.8,5.8,43.0,1.8,0.0,0.0,31.9,0.0,0.0,0.0,0.062,3.8,-4.1,-0.3,0.0,West
80,Tyrone Corbin\corbity01,SF,38,TOR,15,117,-2.2,0.252,0.132,0.105,2.8,9.9,6.3,5.0,0.9,0.0,7.0,16.3,-0.4,0.1,-0.3,-0.126,-8.4,-2.6,-11.0,-0.3,East
81,Chris Crawford\crawfch01,PF,25,ATL,47,901,9.5,0.519,0.081,0.307,3.4,10.2,6.8,6.9,1.2,1.3,16.8,18.3,0.1,0.5,0.6,0.031,-3.1,-0.9,-4.0,-0.5,East
82,Jamal Crawford\crawfja01,PG,20,CHI,61,1050,8.5,0.442,0.385,0.11199999999999999,1.0,9.4,5.0,23.0,2.2,1.0,21.0,17.9,-1.3,0.4,-0.9,-0.043,-3.9,-2.3,-6.3,-1.1,East
83,Austin Croshere\croshau01,PF,25,IND,81,1874,14.3,0.512,0.295,0.33,7.7,15.5,11.7,8.8,1.0,1.9,14.5,23.4,1.2,2.0,3.2,0.08199999999999999,-0.8,-1.0,-1.9,0.1,East
84,John Crotty\crottjo01,PG,31,UTA,31,264,7.2,0.44299999999999995,0.10800000000000001,0.292,6.2,6.9,6.6,19.4,1.2,0.0,20.6,16.1,0.0,0.1,0.1,0.019,-2.8,-1.8,-4.6,-0.2,West
85,Vonteego Cummings\cummivo01,PG,24,GSW,66,1495,10.4,0.425,0.27699999999999997,0.22399999999999998,3.1,7.0,4.9,24.4,2.3,0.7,13.8,18.6,-0.2,0.4,0.2,0.006999999999999999,-1.6,-2.1,-3.7,-0.6,West
86,Bill Curley\curlebi01,PF,28,TOT,20,192,10.5,0.569,0.043,0.40399999999999997,10.7,9.6,10.2,2.6,1.9,3.3,22.4,15.8,0.0,0.1,0.2,0.038,-3.3,-0.6,-3.9,-0.1,NaN
86,Bill Curley\curlebi01,PF,28,DAL,5,15,-8.3,0.26,0.25,1.0,0.0,0.0,0.0,0.0,3.4,4.8,25.8,23.5,-0.1,0.0,-0.1,-0.314,-13.6,0.6,-13.0,0.0,West
86,Bill Curley\curlebi01,PF,28,GSW,15,177,12.1,0.605,0.023,0.349,11.6,10.4,11.1,2.8,1.7,3.2,22.0,15.2,0.2,0.1,0.3,0.068,-2.4,-0.7,-3.1,0.0,West
87,Dell Curry\curryde01,SG,36,TOR,71,956,14.4,0.53,0.38,0.134,1.8,8.3,5.0,13.2,1.5,0.6,8.8,20.7,1.5,0.5,2.0,0.10099999999999999,1.1,-2.7,-1.6,0.1,East
88,Michael Curry\currymi01,SG,32,DET,68,1485,7.5,0.507,0.027999999999999997,0.22899999999999998,1.5,7.4,4.4,13.9,0.9,0.1,14.8,12.0,0.8,0.9,1.7,0.055,-2.9,-0.7,-3.6,-0.6,East
89,Erick Dampier\dampier01,C,25,GSW,43,1038,10.0,0.43200000000000005,0.006,0.401,9.2,17.0,12.8,9.2,0.8,4.0,18.2,18.4,-1.0,0.6,-0.5,-0.021,-4.7,0.5,-4.2,-0.6,West
90,Antonio Daniels\daniean01,PG,25,SAS,79,2060,15.5,0.5670000000000001,0.311,0.265,1.5,7.2,4.5,24.9,1.6,0.5,14.2,17.5,4.1,2.4,6.6,0.153,2.1,-0.6,1.5,1.8,West
91,Kornel David\davidko01,SF,29,TOT,27,209,12.0,0.547,0.0,0.255,7.8,20.1,13.8,5.3,1.5,1.3,16.2,14.3,0.2,0.2,0.4,0.102,-3.0,-0.1,-3.2,-0.1,NaN
91,Kornel David\davidko01,SF,29,TOR,17,140,11.9,0.605,0.0,0.44799999999999995,7.1,19.8,13.3,4.4,0.8,1.5,16.8,13.3,0.2,0.1,0.3,0.12,-2.6,-0.9,-3.5,-0.1,East
91,Kornel David\davidko01,SF,29,DET,10,69,12.2,0.455,0.0,0.0,9.1,20.6,14.7,7.4,2.9,1.0,15.4,16.3,0.0,0.1,0.1,0.067,-4.0,1.4,-2.6,0.0,East
92,Antonio Davis\davisan01,C,32,TOR,78,2729,16.5,0.508,0.001,0.488,11.0,21.7,16.2,6.2,0.4,3.9,11.4,19.5,4.2,3.1,7.2,0.127,-0.9,0.8,-0.1,1.3,East
93,Baron Davis\davisba01,PG,21,CHH,82,3192,16.6,0.512,0.28600000000000003,0.35200000000000004,4.6,9.9,7.3,32.5,2.9,0.8,17.0,19.2,4.2,4.7,8.9,0.134,2.2,1.1,3.3,4.3,East
94,Dale Davis\davisda01,C,31,POR,81,2162,15.1,0.524,0.008,0.312,13.3,19.9,16.7,7.4,1.1,2.6,10.8,13.4,3.8,2.8,6.6,0.147,0.2,1.5,1.7,2.0,West
95,Emanual Davis\davisem01,SG,32,SEA,62,1290,11.8,0.527,0.39899999999999997,0.17300000000000001,2.5,11.2,6.9,16.1,2.6,0.7,18.4,14.7,0.9,0.9,1.8,0.067,-0.3,0.0,-0.3,0.6,West
96,Hubert Davis\davishu01,PG,30,TOT,66,1692,10.0,0.569,0.395,0.14300000000000002,1.9,7.3,4.6,10.3,1.1,0.0,15.0,14.5,1.6,0.6,2.2,0.062,0.1,-1.7,-1.6,0.2,NaN
96,Hubert Davis\davishu01,PG,30,DAL,51,1261,9.1,0.5589999999999999,0.424,0.131,1.6,7.9,4.8,7.2,1.2,0.1,14.4,14.0,0.8,0.7,1.5,0.057999999999999996,-0.3,-1.0,-1.3,0.2,West
96,Hubert Davis\davishu01,PG,30,WAS,15,431,12.8,0.597,0.319,0.17600000000000002,2.7,5.5,4.1,19.4,0.7,0.0,16.3,15.8,0.8,-0.1,0.7,0.075,1.3,-3.6,-2.3,0.0,East
97,Ricky Davis\davisri01,SG,21,MIA,7,70,18.9,0.49200000000000005,0.034,0.276,1.7,10.2,5.9,31.0,3.9,2.2,13.3,26.0,0.1,0.1,0.2,0.139,-1.0,1.3,0.3,0.0,East
98,Terry Davis\daviste01,PF,33,DEN,19,228,6.7,0.47600000000000003,0.0,0.88,11.3,14.0,12.6,4.4,0.2,0.3,12.6,7.8,0.2,0.0,0.2,0.051,-2.9,-1.3,-4.1,-0.1,West
99,Todd Day\dayto01,SG,31,MIN,31,345,10.1,0.515,0.585,0.195,3.3,9.0,6.1,12.2,1.5,1.4,15.8,19.9,0.1,0.2,0.3,0.048,-0.4,-2.3,-2.7,-0.1,West
100,Andrew DeClercq\declean01,C,27,ORL,67,903,12.8,0.57,0.0,0.425,10.9,18.3,14.5,5.6,2.3,2.7,18.2,13.7,1.0,1.4,2.5,0.132,-1.7,1.6,-0.2,0.4,East
101,Vinny Del Negro\delnevi01,PG,34,TOT,65,922,11.3,0.501,0.055999999999999994,0.188,1.4,8.8,4.9,21.7,1.5,0.2,11.8,13.6,1.0,0.6,1.6,0.085,-2.5,-1.6,-4.2,-0.5,NaN
101,Vinny Del Negro\delnevi01,PG,34,GSW,29,396,6.9,0.397,0.1,0.17800000000000002,1.0,7.9,4.2,23.5,0.8,0.0,13.4,11.9,0.0,-0.1,0.0,-0.005,-4.8,-3.7,-8.4,-0.6,West
101,Vinny Del Negro\delnevi01,PG,34,PHO,36,526,14.7,0.5660000000000001,0.027999999999999997,0.19399999999999998,1.7,9.4,5.5,20.3,2.0,0.4,10.8,14.9,1.0,0.7,1.7,0.153,-0.9,-0.1,-1.0,0.1,West
102,Tony Delk\delkto01,SG,27,PHO,82,2288,13.4,0.49,0.182,0.255,3.7,9.3,6.5,12.1,1.7,0.5,9.0,22.0,1.7,2.9,4.6,0.096,-0.7,-0.4,-1.1,0.5,West
103,Derrick Dial\dialde01,SG,25,SAS,33,207,14.3,0.466,0.12,0.253,6.9,13.5,10.4,18.3,1.0,2.0,11.5,23.7,0.1,0.3,0.4,0.091,-1.3,-0.1,-1.4,0.0,West
104,Michael Dickerson\dickemi01,SG,25,VAN,70,2618,12.4,0.501,0.225,0.265,3.1,6.9,5.0,15.8,1.2,0.7,12.5,22.7,1.2,0.7,1.8,0.034,0.0,-1.6,-1.6,0.2,West
105,Vlade Divac\divacvl01,C,32,SAC,81,2420,17.7,0.536,0.019,0.46399999999999997,9.5,20.2,15.0,15.2,1.8,2.6,17.4,20.1,3.1,4.3,7.4,0.147,-0.1,2.9,2.8,2.9,West
106,Michael Doleac\doleami01,C,23,ORL,77,1398,9.9,0.44299999999999995,0.006,0.11199999999999999,5.4,16.5,10.8,7.8,1.4,2.2,9.6,19.4,-0.2,1.7,1.5,0.05,-4.2,-0.3,-4.4,-0.9,East
107,Keyon Dooling\doolike01,PG,20,LAC,76,1237,12.6,0.509,0.221,0.494,0.8,7.3,4.1,23.7,1.8,0.6,17.6,20.0,0.8,0.7,1.4,0.055999999999999994,-1.2,-2.2,-3.4,-0.4,West
108,Sherman Douglas\douglsh01,PG,34,NJN,59,1094,9.9,0.478,0.132,0.38,2.1,5.7,3.9,22.2,1.7,0.3,18.3,17.9,-0.1,0.3,0.2,0.006999999999999999,-2.9,-2.7,-5.7,-1.0,East
109,Bryce Drew\drewbr01,PG,26,CHI,48,1305,7.9,0.45,0.321,0.057999999999999996,1.1,5.4,3.1,24.0,1.3,0.2,16.9,14.4,-0.3,-0.1,-0.4,-0.015,-3.0,-3.8,-6.8,-1.6,East
110,Chris Dudley\dudlech02,C,35,PHO,53,613,7.2,0.405,0.0,0.493,11.6,22.4,16.9,4.2,1.2,3.4,22.6,8.4,-0.2,1.2,1.0,0.079,-5.3,3.1,-2.2,0.0,West
111,Tim Duncan\duncati01,PF,24,SAS,82,3174,23.8,0.536,0.019,0.47100000000000003,9.7,25.1,17.8,15.3,1.2,4.2,12.5,28.7,6.2,7.1,13.2,0.2,1.8,3.6,5.4,5.9,West
112,Tyus Edney\edneyty01,PG,27,IND,24,263,16.6,0.49,0.066,0.429,2.2,7.9,5.2,35.7,3.5,0.0,18.8,23.6,0.2,0.3,0.5,0.08800000000000001,-1.3,-1.5,-2.7,0.0,East
113,Kevin Edwards\edwarke01,SG,35,VAN,46,634,8.3,0.414,0.11199999999999999,0.312,4.2,10.6,7.4,12.9,2.4,0.9,16.1,16.6,-0.6,0.5,-0.1,-0.011000000000000001,-4.6,0.2,-4.4,-0.4,West
114,Howard Eisley\eisleho01,SG,28,DAL,82,2426,11.7,0.507,0.39899999999999997,0.187,1.1,7.8,4.5,18.2,2.1,0.4,12.3,15.6,2.4,2.0,4.4,0.087,0.7,-0.4,0.3,1.4,West
115,Obinna Ekezie\ekeziob01,PF,25,TOT,33,281,12.4,0.484,0.0,0.654,12.7,19.9,16.2,5.3,0.9,1.3,11.8,18.8,0.3,0.1,0.4,0.07200000000000001,-2.5,-2.7,-5.3,-0.2,NaN
115,Obinna Ekezie\ekeziob01,PF,25,WAS,29,273,13.3,0.503,0.0,0.688,13.0,19.7,16.3,5.5,0.9,1.3,12.2,18.7,0.4,0.1,0.5,0.08800000000000001,-1.9,-2.6,-4.5,-0.2,East
115,Obinna Ekezie\ekeziob01,PF,25,DAL,4,8,-20.0,0.0,0.0,0.0,0.0,27.2,14.0,0.0,0.0,0.0,0.0,22.7,-0.1,0.0,-0.1,-0.49,-23.3,-7.6,-30.9,-0.1,West
116,Khalid El-Amin\elamikh01,PG,21,CHI,50,936,12.2,0.45799999999999996,0.27,0.23199999999999998,2.6,7.9,5.1,27.5,2.8,0.2,13.6,19.7,0.2,0.4,0.6,0.03,-1.0,-2.7,-3.8,-0.4,East
117,Mario Elie\eliema01,SG,37,PHO,68,1506,9.3,0.541,0.40700000000000003,0.28,2.8,9.0,5.8,12.9,2.0,0.6,17.8,10.0,1.1,2.0,3.1,0.09699999999999999,-1.6,1.5,-0.2,0.7,West
118,Sean Elliott\elliose01,SF,32,SAS,52,1229,12.4,0.544,0.381,0.248,1.6,13.4,7.8,10.8,1.0,1.4,11.9,16.3,1.3,1.7,3.0,0.11800000000000001,0.0,0.8,0.8,0.9,West
119,LaPhonso Ellis\ellisla01,PF,30,MIN,82,1948,16.0,0.524,0.034,0.33299999999999996,11.6,17.5,14.5,7.5,1.8,2.7,12.8,19.6,2.9,2.3,5.2,0.127,-0.3,0.5,0.2,1.1,West
120,Pervis Ellison\ellispe01,C,33,SEA,9,40,2.4,0.381,0.0,0.28600000000000003,5.8,28.6,17.2,10.5,0.0,3.6,27.6,12.3,-0.1,0.0,0.0,-0.013000000000000001,-7.6,1.0,-6.6,0.0,West
121,Evan Eschmeyer\eschmev01,C,25,NJN,74,1331,10.8,0.512,0.0,0.51,11.3,20.5,15.8,4.7,1.6,3.3,17.8,10.1,1.1,1.5,2.5,0.091,-2.9,1.7,-1.2,0.3,East
122,Patrick Ewing*\ewingpa01,C,38,SEA,79,2107,12.9,0.478,0.003,0.36700000000000005,6.8,25.0,15.9,7.0,1.3,3.1,16.0,20.3,-0.5,2.5,2.0,0.046,-4.1,0.6,-3.4,-0.8,West
123,Jamie Feick\feickja01,C,26,NJN,6,149,10.2,0.389,0.0,0.522,9.0,34.9,21.6,5.2,2.8,1.5,19.8,10.7,-0.1,0.3,0.2,0.05,-6.1,2.2,-3.8,-0.1,East
124,Danny Ferry\ferryda01,SF,34,SAS,80,1688,10.1,0.5770000000000001,0.41600000000000004,0.08,3.9,10.7,7.5,6.8,0.9,0.9,11.4,12.2,2.1,2.0,4.1,0.11699999999999999,0.4,0.7,1.1,1.3,West
125,Michael Finley\finlemi01,SF,27,DAL,82,3443,18.2,0.521,0.16899999999999998,0.209,3.6,10.0,6.9,18.3,1.8,0.7,10.1,24.9,5.6,2.9,8.5,0.11900000000000001,2.5,-0.2,2.3,3.7,West
126,Derek Fisher\fishede01,PG,26,LAL,20,709,14.0,0.534,0.337,0.332,0.8,8.5,4.7,18.3,2.9,0.2,11.9,15.4,1.2,0.5,1.8,0.11900000000000001,1.3,-0.6,0.7,0.5,West
127,Marcus Fizer\fizerma01,PF,22,CHI,72,1580,11.0,0.47600000000000003,0.06,0.249,5.5,18.5,11.8,9.4,1.0,0.9,14.7,24.7,-1.3,0.6,-0.7,-0.022000000000000002,-4.3,-2.9,-7.2,-2.1,East
128,Danny Fortson\fortsda01,PF,24,GSW,6,203,24.4,0.6779999999999999,0.0,1.08,14.0,39.3,25.6,4.1,0.5,0.0,11.9,17.4,0.9,0.2,1.1,0.258,0.5,-3.4,-2.9,0.0,West
129,Greg Foster\fostegr01,C,32,LAL,62,451,9.5,0.449,0.068,0.105,7.3,20.6,14.0,10.8,1.0,1.9,15.2,16.3,0.0,0.4,0.4,0.044000000000000004,-3.9,-0.6,-4.5,-0.3,West
130,Jeff Foster\fosteje01,C,24,IND,71,1152,12.5,0.49200000000000005,0.033,0.42700000000000005,14.6,23.4,19.1,4.6,1.8,1.7,17.0,12.4,0.8,1.9,2.7,0.113,-2.5,1.1,-1.4,0.2,East
131,Rick Fox\foxri01,SF,31,LAL,82,2291,13.8,0.562,0.46399999999999997,0.18899999999999997,4.0,11.9,8.0,17.4,1.6,0.9,16.3,16.3,3.7,1.4,5.1,0.107,1.9,-0.7,1.1,1.8,West
132,Adonal Foyle\foylead01,C,25,GSW,58,1457,12.4,0.42200000000000004,0.0,0.18100000000000002,10.5,19.7,14.7,5.2,1.1,7.6,16.3,14.0,-0.8,1.5,0.7,0.022000000000000002,-4.8,3.2,-1.6,0.2,West
133,Steve Francis\francst01,PG,23,HOU,80,3194,21.6,0.563,0.276,0.359,7.1,12.8,10.0,28.4,2.3,0.7,15.8,24.2,9.2,3.0,12.2,0.184,5.8,0.8,6.6,7.0,West
134,Todd Fuller\fulleto02,C,26,MIA,10,77,9.3,0.363,0.0,0.22899999999999998,10.8,17.0,13.9,2.4,2.1,2.0,7.2,26.1,-0.1,0.1,0.0,-0.002,-8.1,-2.2,-10.3,-0.2,East
135,Lawrence Funderburke\fundela01,PF,30,SAC,59,698,16.1,0.522,0.0,0.318,11.7,18.3,15.1,4.0,0.7,1.2,10.4,19.5,1.0,0.9,1.9,0.129,-2.2,-2.0,-4.2,-0.4,West
136,Ruben Garces\garceru01,PF,27,TOT,13,73,9.7,0.313,0.0,0.364,23.7,20.6,22.2,10.5,2.1,2.0,16.4,18.4,-0.1,0.1,0.0,0.009000000000000001,-3.9,1.6,-2.3,0.0,NaN
136,Ruben Garces\garceru01,PF,27,PHO,10,62,10.5,0.43200000000000005,0.0,0.5329999999999999,21.5,18.6,20.1,10.2,1.7,1.2,21.3,16.9,0.0,0.1,0.1,0.066,-2.6,1.3,-1.3,0.0,West
136,Ruben Garces\garceru01,PF,27,GSW,3,11,5.2,0.0,0.0,0.0,35.6,31.5,33.7,12.2,4.6,6.4,0.0,26.9,-0.1,0.0,-0.1,-0.315,-11.0,3.2,-7.8,0.0,West
137,Chris Garner\garnech01,PG,25,GSW,8,149,1.0,0.24,0.18899999999999997,0.162,1.3,7.8,4.3,17.4,2.4,0.5,18.5,13.8,-0.4,0.0,-0.4,-0.12300000000000001,-7.9,-1.3,-9.1,-0.3,West
138,Kevin Garnett\garneke01,PF,24,MIN,81,3202,23.9,0.531,0.045,0.317,7.7,25.3,16.4,21.8,1.8,3.2,12.0,27.0,7.0,4.8,11.8,0.17600000000000002,3.0,2.7,5.7,6.2,West
139,Dean Garrett\garrede01,C,34,MIN,70,831,12.5,0.511,0.0,0.25,8.8,21.1,14.9,4.1,1.6,4.2,12.6,10.8,0.7,1.2,1.9,0.109,-3.1,1.8,-1.3,0.2,West
140,Pat Garrity\garripa01,SF,24,ORL,76,1579,10.1,0.507,0.389,0.17,3.5,11.4,7.4,5.3,1.3,0.7,9.9,19.2,1.2,1.3,2.5,0.076,-1.1,-2.2,-3.3,-0.5,East
141,Chris Gatling\gatlich01,PF,33,CLE,74,1670,15.6,0.505,0.126,0.311,6.9,20.2,13.6,6.9,1.6,1.2,12.5,25.8,0.8,1.6,2.4,0.068,-1.4,-1.9,-3.3,-0.5,East
142,Matt Geiger\geigema01,C,31,PHI,35,542,11.5,0.43,0.009000000000000001,0.24100000000000002,10.6,18.2,14.5,4.5,1.2,1.1,9.2,22.8,-0.1,0.8,0.7,0.065,-4.0,-1.5,-5.5,-0.5,East
143,Devean George\georgde01,SF,23,LAL,59,593,6.2,0.39399999999999996,0.32899999999999996,0.266,6.7,14.1,10.5,4.8,1.3,1.8,12.8,20.0,-0.7,0.4,-0.3,-0.023,-4.8,-2.5,-7.3,-0.8,West
144,Eddie Gill\gilled01,PG,22,NJN,8,152,8.9,0.451,0.22,0.122,0.0,7.0,3.4,26.3,1.4,0.5,18.8,15.9,-0.1,0.0,0.0,-0.01,-4.0,-3.6,-7.6,-0.2,East
145,Kendall Gill\gillke01,SG,32,NJN,31,892,10.1,0.39,0.043,0.27899999999999997,4.0,13.1,8.4,16.7,2.8,0.6,11.7,20.9,-1.1,0.8,-0.4,-0.021,-3.6,0.2,-3.5,-0.3,East
146,Dion Glover\glovedi01,SG,22,ATL,57,929,12.3,0.461,0.13699999999999998,0.205,4.7,11.1,7.9,12.9,2.8,0.8,12.8,20.2,-0.1,0.9,0.8,0.04,-1.8,0.0,-1.7,0.1,East
147,Anthony Goldwire\goldwan01,PG,29,DEN,20,201,12.6,0.469,0.425,0.213,0.5,6.0,3.2,28.0,2.3,0.0,14.6,22.7,0.0,0.1,0.1,0.023,-0.9,-4.2,-5.1,-0.2,West
148,Steve Goodrich\goodrst01,PF,24,CHI,12,133,4.1,0.451,0.16699999999999998,0.389,6.0,13.0,9.4,7.1,0.8,0.6,27.5,10.2,-0.1,0.0,-0.1,-0.038,-6.0,-1.6,-7.5,-0.2,East
149,Brian Grant\grantbr01,C,28,MIA,82,2771,17.5,0.536,0.001,0.35,9.3,21.5,15.4,7.2,1.2,2.0,12.7,23.4,3.7,5.0,8.7,0.151,-1.2,1.0,-0.2,1.2,East
150,Gary Grant\grantga01,PG,35,POR,4,17,22.8,0.7140000000000001,0.0,0.0,0.0,0.0,0.0,12.6,0.0,0.0,0.0,19.1,0.1,0.0,0.1,0.209,2.9,-8.2,-5.3,0.0,West
151,Horace Grant\grantho01,PF,35,LAL,77,2390,14.3,0.511,0.005,0.297,10.5,15.2,12.9,7.5,1.1,1.8,6.9,12.9,4.8,1.7,6.5,0.13,0.5,0.5,1.0,1.8,West
152,A.C. Green\greenac01,PF,37,MIA,82,1411,11.2,0.49200000000000005,0.019,0.34299999999999997,9.0,17.3,13.2,4.8,1.2,0.4,10.8,14.4,1.1,2.1,3.2,0.11,-3.2,0.2,-3.0,-0.3,East
153,Adrian Griffin\griffad01,SF,26,BOS,44,377,10.5,0.43200000000000005,0.268,0.247,8.0,19.4,13.5,11.7,2.5,1.0,14.3,15.1,0.0,0.5,0.4,0.055999999999999994,-3.3,0.4,-2.9,-0.1,East
154,Tom Gugliotta\guglito01,PF,31,PHO,57,1159,11.1,0.43700000000000006,0.032,0.203,7.3,17.8,12.5,7.7,2.1,1.3,11.0,17.9,-0.3,2.0,1.8,0.073,-3.8,1.5,-2.3,-0.1,West
155,A.J. Guyton\guytoaj01,PG,22,CHI,33,630,10.3,0.495,0.359,0.094,1.8,5.1,3.4,18.1,0.8,0.6,10.7,16.5,0.4,-0.1,0.3,0.02,-1.5,-4.4,-5.9,-0.6,East
156,Darvin Ham\hamda01,SF,27,MIL,29,540,10.1,0.537,0.038,0.613,11.8,13.6,12.7,6.5,1.6,2.9,24.5,11.3,0.4,0.5,0.9,0.079,-1.6,1.6,-0.1,0.3,East
157,Richard Hamilton\hamilri01,SF,22,WAS,78,2519,15.7,0.508,0.11699999999999999,0.255,3.4,7.7,5.5,17.7,1.5,0.3,12.6,28.1,2.3,0.1,2.4,0.046,0.9,-3.1,-2.2,-0.1,East
158,Zendon Hamilton\hamilze01,C,25,LAC,3,19,5.7,0.359,0.0,0.889,18.6,29.3,24.1,0.0,0.0,0.0,13.8,35.3,-0.1,0.0,0.0,-0.11900000000000001,-12.8,-11.8,-24.6,-0.1,West
159,Tom Hammonds\hammoto01,PF,33,MIN,7,30,-4.9,0.322,0.0,0.2,7.5,7.7,7.6,4.8,0.0,0.0,21.6,20.9,-0.1,0.0,-0.1,-0.187,-10.2,-4.3,-14.5,-0.1,West
160,Anfernee Hardaway\hardaan01,SG,29,PHO,4,112,16.6,0.47700000000000004,0.222,0.306,5.0,13.4,9.1,22.0,2.8,0.6,6.8,17.5,0.2,0.2,0.4,0.155,0.6,1.2,1.9,0.1,West
161,Tim Hardaway\hardati01,PG,34,MIA,77,2613,16.7,0.513,0.496,0.174,1.2,8.1,4.6,35.5,1.9,0.2,14.4,24.3,3.1,3.3,6.4,0.11800000000000001,3.2,-1.5,1.7,2.4,East
162,Ron Harper\harpero01,PG,37,LAL,47,1139,12.5,0.525,0.266,0.177,4.6,11.8,8.2,14.8,1.8,1.5,17.5,13.9,1.0,0.8,1.8,0.077,-0.4,0.2,-0.2,0.5,West
163,Matt Harpring\harprma01,SG,24,CLE,56,1615,13.3,0.522,0.099,0.315,6.5,10.9,8.7,10.9,1.4,0.8,13.1,19.2,1.8,0.8,2.6,0.077,0.2,-0.8,-0.6,0.6,East
164,Al Harrington\harrial01,PF,20,IND,78,1892,10.2,0.479,0.013000000000000001,0.289,7.4,15.2,11.4,11.8,1.8,0.7,19.5,18.8,-1.0,2.2,1.2,0.031,-3.2,0.7,-2.5,-0.2,East
165,Othella Harrington\harriot01,C,27,TOT,74,1815,12.0,0.5489999999999999,0.006,0.442,9.0,15.7,12.4,5.3,1.0,1.8,19.3,19.2,0.8,1.7,2.5,0.067,-2.7,0.0,-2.7,-0.3,NaN
165,Othella Harrington\harriot01,C,27,VAN,44,1267,11.7,0.529,0.008,0.39899999999999997,9.3,16.8,13.1,4.9,0.8,1.4,18.6,20.1,0.1,0.8,0.9,0.035,-3.2,-0.9,-4.1,-0.7,West
165,Othella Harrington\harriot01,C,27,NYK,30,548,12.9,0.609,0.0,0.579,8.4,13.3,10.9,6.4,1.5,2.8,21.3,17.2,0.7,0.9,1.6,0.14,-1.5,2.1,0.5,0.4,East
166,Lucious Harris\harrilu01,SG,30,NJN,73,2071,12.9,0.498,0.212,0.223,3.8,12.4,8.0,11.3,1.9,0.6,8.5,16.4,2.0,1.2,3.1,0.073,-0.5,-0.5,-0.9,0.6,East
167,Jason Hart\hartja01,PG,22,MIL,1,10,1.7,1.0,0.0,0.0,0.0,0.0,0.0,14.6,0.0,0.0,66.7,13.6,0.0,0.0,0.0,-0.159,-8.8,-7.0,-15.8,0.0,East
168,Antonio Harvey\harvean01,PF,30,POR,12,72,17.0,0.506,0.0,0.214,8.6,14.4,11.6,9.6,0.7,6.2,8.9,21.7,0.1,0.1,0.2,0.135,-2.1,0.4,-1.6,0.0,West
169,Donnell Harvey\harvedo01,PF,20,DAL,18,65,9.8,0.523,0.0,1.143,10.6,23.4,17.2,4.7,2.4,1.1,25.0,19.6,-0.1,0.1,0.1,0.039,-5.0,-0.2,-5.2,-0.1,West
170,Hersey Hawkins\hawkihe01,SG,34,CHH,59,681,14.3,0.555,0.336,0.46,2.9,10.5,6.7,17.0,2.6,1.0,10.3,12.4,1.4,1.0,2.3,0.165,-0.4,0.5,0.1,0.4,East
171,Michael Hawkins\hawkimi01,PG,28,CLE,10,76,3.7,0.444,0.444,0.0,3.1,4.6,3.8,24.8,1.4,0.0,40.0,8.9,0.0,0.0,0.0,-0.022000000000000002,-4.5,-3.0,-7.5,-0.1,East
172,Alan Henderson\hendeal01,PF,28,ATL,73,1810,14.0,0.48700000000000004,0.001,0.40399999999999997,11.0,14.0,12.5,4.9,1.5,1.1,13.8,22.6,0.5,1.4,1.9,0.05,-2.1,-1.3,-3.4,-0.6,East
173,Cedric Henderson\hendece02,SF,25,CLE,55,961,6.2,0.41600000000000004,0.031,0.17600000000000002,2.3,8.5,5.4,13.2,1.6,1.7,18.2,16.2,-1.3,0.5,-0.7,-0.037000000000000005,-4.8,-0.4,-5.2,-0.8,East
174,Chris Herren\herrech01,PG,25,BOS,25,408,6.1,0.41,0.573,0.125,1.1,5.1,3.0,21.9,1.8,0.0,16.5,13.5,-0.2,0.2,0.0,0.001,-3.4,-3.3,-6.7,-0.5,East
175,Grant Hill*\hillgr01,SF,28,ORL,4,133,18.1,0.505,0.023,0.605,6.5,14.5,10.4,30.7,1.9,1.1,16.8,21.8,0.2,0.2,0.3,0.126,0.3,0.0,0.3,0.1,East
176,Tyrone Hill\hillty01,PF,32,PHI,76,2363,12.4,0.515,0.002,0.465,11.7,21.0,16.4,3.3,0.8,0.8,15.2,16.0,2.0,3.5,5.5,0.111,-1.8,0.1,-1.7,0.2,East
177,Fred Hoiberg\hoibefr01,SG,28,CHI,74,2247,15.3,0.597,0.505,0.317,1.1,15.8,8.1,19.9,2.3,0.4,11.6,13.2,4.6,1.3,5.9,0.126,1.6,-0.6,0.9,1.7,East
178,Robert Horry\horryro01,PF,30,LAL,79,1587,11.0,0.489,0.41100000000000003,0.218,6.7,14.3,10.5,11.7,1.8,2.4,15.9,14.0,1.1,1.5,2.6,0.078,-0.5,0.8,0.3,0.9,West
179,Eddie House\houseed01,PG,22,MIA,50,550,11.6,0.478,0.223,0.142,1.1,8.0,4.5,19.4,1.3,0.0,11.8,26.2,-0.2,0.6,0.4,0.035,-2.4,-2.9,-5.3,-0.5,East
180,Allan Houston\houstal01,SG,29,NYK,78,2858,16.1,0.5429999999999999,0.209,0.254,0.9,10.8,6.0,12.0,1.0,0.3,10.7,25.7,4.1,3.5,7.5,0.126,1.2,-0.9,0.3,1.6,East
181,Juwan Howard\howarju01,PF,27,TOT,81,2974,16.0,0.527,0.002,0.314,6.6,15.6,11.1,13.9,1.3,0.9,14.9,24.6,2.8,1.6,4.4,0.071,0.2,-0.6,-0.4,1.2,NaN
181,Juwan Howard\howarju01,PF,27,WAS,54,1981,15.8,0.522,0.0,0.31,7.0,15.5,11.2,14.9,1.2,0.8,15.2,24.9,1.6,0.6,2.2,0.053,0.3,-1.0,-0.7,0.7,East
181,Juwan Howard\howarju01,PF,27,DAL,27,993,16.6,0.5379999999999999,0.008,0.325,5.8,15.7,10.9,12.0,1.5,1.1,14.0,23.8,1.1,1.1,2.2,0.106,0.0,0.3,0.2,0.6,West
182,Troy Hudson\hudsotr01,PG,24,ORL,75,1008,10.2,0.42700000000000005,0.293,0.28,4.1,7.6,5.8,25.5,1.9,0.2,18.0,22.4,-0.7,0.8,0.1,0.003,-2.5,-2.4,-5.0,-0.8,East
183,Larry Hughes\hughela01,SG,22,GSW,50,1846,13.9,0.449,0.09300000000000001,0.313,4.0,12.5,7.9,21.0,2.7,1.1,14.2,24.4,-0.4,1.1,0.6,0.017,-0.9,0.0,-0.9,0.5,West
184,Lindsey Hunter\hunteli01,PG,30,MIL,82,2002,14.8,0.5,0.52,0.12300000000000001,1.8,7.7,4.8,17.4,2.7,0.4,7.6,20.2,3.1,1.4,4.6,0.109,2.3,-1.8,0.5,1.3,East
185,Zydrunas Ilgauskas\ilgauzy01,C,25,CLE,24,616,16.0,0.524,0.009000000000000001,0.33299999999999996,12.3,17.8,15.0,5.4,1.3,4.4,18.3,24.1,0.1,0.7,0.7,0.055999999999999994,-2.1,0.0,-2.1,0.0,East
186,Allen Iverson*\iversal01,SG,25,PHI,71,2979,24.0,0.518,0.16899999999999998,0.397,1.9,8.3,5.2,23.0,3.2,0.5,10.0,35.9,7.3,4.5,11.8,0.19,5.0,-0.1,4.8,5.1,East
187,Bobby Jackson\jacksbo01,PG,27,SAC,79,1648,13.1,0.501,0.198,0.16699999999999998,5.0,11.0,8.0,15.3,2.7,0.3,15.4,17.9,0.9,2.3,3.1,0.091,-0.8,0.8,0.0,0.8,West
188,Jaren Jackson\jacksja01,SG,33,SAS,16,114,10.4,0.47700000000000004,0.45,0.05,1.0,10.4,6.0,10.5,2.4,0.0,6.8,18.1,0.0,0.2,0.2,0.087,-0.7,-0.7,-1.3,0.0,West
189,Jim Jackson\jacksji01,SF,30,TOT,56,1690,10.7,0.455,0.127,0.267,3.6,11.6,7.6,16.4,1.6,0.4,15.5,22.3,-0.8,1.0,0.1,0.003,-2.1,-0.9,-3.0,-0.4,NaN
189,Jim Jackson\jacksji01,SF,30,ATL,17,550,12.7,0.478,0.175,0.392,3.4,12.6,8.0,15.4,1.8,0.5,15.9,24.6,-0.1,0.4,0.4,0.031,-1.5,-0.8,-2.3,0.0,East
189,Jim Jackson\jacksji01,SF,30,CLE,39,1140,9.7,0.44299999999999995,0.10099999999999999,0.20199999999999999,3.7,11.1,7.4,16.9,1.6,0.4,15.4,21.2,-0.8,0.6,-0.2,-0.01,-2.3,-1.0,-3.3,-0.4,East
190,Marc Jackson\jacksma02,C,26,GSW,48,1410,16.1,0.534,0.045,0.37799999999999995,8.3,19.8,13.6,7.3,1.2,1.4,13.6,20.5,1.9,0.7,2.6,0.08900000000000001,-1.1,-1.2,-2.4,-0.1,West
191,Mark Jackson\jacksma01,PG,35,TOT,83,2588,14.9,0.506,0.355,0.16,2.8,10.9,6.8,39.3,1.7,0.2,21.9,14.2,3.6,2.3,5.9,0.11,0.8,-1.2,-0.5,1.0,NaN
191,Mark Jackson\jacksma01,PG,35,TOR,54,1802,16.3,0.528,0.409,0.18899999999999997,2.6,9.2,5.8,41.3,1.8,0.3,21.1,13.7,3.5,1.2,4.7,0.125,1.7,-2.1,-0.4,0.7,East
191,Mark Jackson\jacksma01,PG,35,NYK,29,786,11.8,0.45299999999999996,0.233,0.094,3.3,14.8,9.2,34.7,1.5,0.0,23.6,15.3,0.1,1.2,1.2,0.07400000000000001,-1.5,0.8,-0.6,0.3,East
192,Stephen Jackson\jacksst02,SF,22,NJN,77,1660,12.1,0.503,0.271,0.23600000000000002,2.8,11.9,7.2,15.1,2.7,0.6,17.1,20.8,-0.4,1.3,0.9,0.026000000000000002,-1.5,-0.7,-2.1,-0.1,East
193,Sam Jacobson\jacobsa01,PG,25,MIN,14,59,10.7,0.518,0.0,0.16699999999999998,5.8,5.9,5.8,10.6,2.7,0.0,0.0,14.8,0.1,0.0,0.2,0.147,0.2,-1.6,-1.4,0.0,West
194,Tim James\jamesti01,SF,24,CHH,30,197,5.8,0.387,0.057999999999999996,0.26899999999999996,8.7,11.5,10.1,6.5,0.5,1.9,12.1,15.5,-0.1,0.2,0.1,0.022000000000000002,-5.8,-1.0,-6.8,-0.2,East
195,Antawn Jamison\jamisan01,SF,24,GSW,82,3394,19.0,0.499,0.113,0.295,8.1,14.8,11.2,9.5,1.7,0.6,8.9,27.9,5.4,1.3,6.7,0.094,2.1,-2.1,0.0,1.7,West
196,Anthony Johnson\johnsan02,PG,26,TOT,53,511,8.1,0.39,0.033,0.217,2.2,7.6,4.9,24.5,2.4,0.8,17.0,17.6,-0.5,0.3,-0.2,-0.019,-4.4,-1.3,-5.7,-0.5,NaN
196,Anthony Johnson\johnsan02,PG,26,ATL,25,279,7.2,0.408,0.042,0.239,1.2,8.0,4.6,19.2,3.2,1.3,20.3,15.8,-0.4,0.3,-0.1,-0.013000000000000001,-5.0,0.4,-4.5,-0.2,East
196,Anthony Johnson\johnsan02,PG,26,CLE,28,232,9.1,0.375,0.025,0.198,3.5,7.0,5.2,31.0,1.4,0.3,13.7,19.9,-0.2,0.1,-0.1,-0.025,-3.6,-3.4,-7.0,-0.3,East
197,Avery Johnson\johnsav01,PG,35,SAS,55,1290,11.5,0.475,0.02,0.2,1.9,5.3,3.7,29.5,1.4,0.2,15.5,14.1,1.3,1.3,2.6,0.098,-1.4,-1.3,-2.6,-0.2,West
198,DerMarr Johnson\johnsde03,SF,20,ATL,78,1313,8.4,0.46299999999999997,0.326,0.223,4.7,10.4,7.6,7.9,1.7,1.6,17.8,17.7,-0.9,0.9,0.0,0.0,-3.0,-0.3,-3.3,-0.4,East
199,Ervin Johnson\johnser02,C,33,MIL,82,1981,11.2,0.557,0.0,0.47,11.8,23.2,17.5,2.8,1.2,3.6,16.4,6.5,2.6,2.5,5.1,0.12300000000000001,-1.5,2.1,0.6,1.3,East
200,Larry Johnson\johnsla02,PF,31,NYK,65,2105,11.2,0.493,0.273,0.214,5.3,15.2,10.4,10.5,1.0,1.1,12.9,17.4,1.0,3.1,4.1,0.09300000000000001,-0.7,1.5,0.7,1.4,East
201,Damon Jones\jonesda01,PG,24,VAN,71,1415,13.0,0.525,0.555,0.125,1.3,8.7,5.0,26.2,1.3,0.0,14.8,16.6,1.4,0.4,1.8,0.062,0.5,-2.8,-2.3,-0.1,West
202,Eddie Jones\jonesed02,SG,29,MIA,63,2282,18.8,0.5529999999999999,0.273,0.31,3.9,11.3,7.6,14.8,2.7,2.0,12.0,23.9,3.9,4.0,7.9,0.166,2.4,1.9,4.3,3.6,East
203,Jumaine Jones\jonesju01,SF,21,PHI,65,866,14.2,0.51,0.218,0.193,8.4,16.1,12.3,6.3,1.8,1.3,11.6,17.6,0.9,1.4,2.3,0.125,-0.9,0.3,-0.6,0.3,East
204,Popeye Jones\jonespo01,PF,30,WAS,45,638,13.1,0.457,0.039,0.359,14.9,25.6,20.2,7.8,1.5,0.9,10.6,13.8,0.8,0.5,1.2,0.094,-1.2,-0.4,-1.6,0.1,East
205,Garth Joseph\josepga01,C,27,TOT,4,16,-5.0,0.17,0.0,0.4,13.7,0.0,7.0,9.8,0.0,4.3,25.4,22.0,-0.1,0.0,-0.1,-0.345,-12.3,-1.9,-14.2,0.0,NaN
205,Garth Joseph\josepga01,C,27,TOR,2,8,11.3,0.5,0.0,0.0,27.5,0.0,14.1,19.6,0.0,0.0,33.3,16.8,0.0,0.0,0.0,0.017,1.0,-2.3,-1.3,0.0,East
205,Garth Joseph\josepga01,C,27,DEN,2,8,-21.3,0.0,0.0,0.667,0.0,0.0,0.0,0.0,0.0,8.6,20.5,27.2,-0.1,0.0,-0.1,-0.7070000000000001,-25.5,-1.6,-27.1,-0.1,West
206,Adam Keefe\keefead01,PF,30,GSW,67,836,9.7,0.45,0.019,0.396,10.5,16.4,13.3,6.5,1.7,1.7,17.6,11.5,0.1,0.5,0.6,0.032,-3.9,0.2,-3.7,-0.3,West
207,Shawn Kemp\kempsh01,PF,31,POR,68,1083,11.4,0.469,0.027000000000000003,0.317,7.2,20.9,14.3,9.9,2.2,1.6,17.4,24.5,-0.8,1.7,0.9,0.040999999999999995,-4.5,0.1,-4.4,-0.7,West
208,Steve Kerr\kerrst01,PG,35,SAS,55,650,10.6,0.546,0.484,0.094,1.1,4.8,3.0,14.1,1.3,0.1,11.3,13.5,0.8,0.6,1.5,0.10800000000000001,0.0,-1.5,-1.5,0.1,West
209,Jerome Kersey\kerseje01,SF,38,MIL,22,243,12.9,0.473,0.013999999999999999,0.23199999999999998,3.8,17.1,10.5,9.4,3.0,2.4,7.3,15.3,0.2,0.3,0.5,0.10099999999999999,-2.6,1.4,-1.2,0.1,East
210,Lari Ketner\ketnela01,PF,23,IND,3,7,-10.6,,,,0.0,0.0,0.0,20.2,0.0,0.0,100.0,13.3,-0.1,0.0,-0.1,-0.38299999999999995,-19.5,-5.2,-24.7,0.0,East
211,Jason Kidd*\kiddja01,PG,27,PHO,77,3065,19.4,0.51,0.21100000000000002,0.36700000000000005,3.3,15.2,9.1,41.2,2.8,0.5,18.3,22.7,4.2,5.4,9.6,0.15,2.7,2.1,4.8,5.3,West
212,Gerard King\kingge02,SF,28,WAS,45,706,10.1,0.552,0.0,0.256,6.3,15.2,10.7,7.4,1.0,1.1,19.4,15.3,0.3,0.2,0.5,0.035,-2.6,-1.2,-3.8,-0.3,East
213,Brevin Knight\knighbr01,PG,25,TOT,53,1457,12.5,0.41600000000000004,0.027000000000000003,0.17800000000000002,1.8,11.2,6.4,33.7,3.6,0.2,18.5,15.1,0.0,1.6,1.6,0.054000000000000006,-1.8,0.8,-1.0,0.4,NaN
213,Brevin Knight\knighbr01,PG,25,CLE,6,93,6.5,0.255,0.0,0.4,1.2,7.5,4.4,38.0,3.4,0.8,28.4,12.0,-0.1,0.1,-0.1,-0.03,-6.2,-1.5,-7.7,-0.1,East
213,Brevin Knight\knighbr01,PG,25,ATL,47,1364,12.9,0.424,0.027999999999999997,0.16899999999999998,1.8,11.4,6.6,33.4,3.6,0.2,18.0,15.3,0.1,1.6,1.7,0.06,-1.5,0.9,-0.6,0.5,East
214,Travis Knight\knightr01,C,26,NYK,45,256,0.9,0.23800000000000002,0.019,0.34,9.3,15.6,12.5,3.0,1.1,3.5,14.1,13.5,-0.7,0.5,-0.3,-0.049,-8.6,1.8,-6.8,-0.3,East
215,Toni Kukoc\kukocto01,SF,32,TOT,65,1597,17.8,0.5529999999999999,0.27,0.275,4.7,13.5,9.1,22.7,1.6,0.5,14.5,21.5,2.9,1.7,4.7,0.14,2.6,-0.2,2.5,1.8,NaN
215,Toni Kukoc\kukocto01,SF,32,PHI,48,979,15.3,0.523,0.23600000000000002,0.267,5.5,13.0,9.4,16.5,1.9,0.4,14.0,19.8,1.1,1.3,2.5,0.121,0.8,0.4,1.2,0.8,East
215,Toni Kukoc\kukocto01,SF,32,ATL,17,618,21.8,0.59,0.313,0.28600000000000003,3.4,14.2,8.7,32.5,1.1,0.6,15.2,24.2,1.8,0.4,2.2,0.17,5.5,-1.1,4.4,1.0,East
216,Christian Laettner\laettch01,C-PF,31,TOT,78,1663,17.0,0.568,0.024,0.37,8.1,16.9,12.5,12.7,2.2,2.0,17.6,21.1,2.5,1.8,4.3,0.124,0.2,1.0,1.2,1.4,NaN
216,Christian Laettner\laettch01,C,31,DAL,53,930,16.7,0.5539999999999999,0.009000000000000001,0.254,9.2,16.0,12.7,12.0,2.2,2.1,16.3,21.0,1.3,1.3,2.6,0.134,0.0,1.2,1.2,0.8,West
216,Christian Laettner\laettch01,PF,31,WAS,25,733,17.6,0.586,0.044000000000000004,0.535,6.7,17.9,12.2,13.7,2.2,1.9,19.2,21.2,1.2,0.5,1.7,0.11199999999999999,0.6,0.7,1.3,0.6,East
217,Raef LaFrentz\lafrera01,C,24,DEN,78,2457,17.6,0.544,0.171,0.32299999999999995,7.6,19.4,13.4,7.3,0.8,5.8,9.5,18.6,4.3,2.5,6.8,0.132,0.2,1.8,2.0,2.5,West
218,Trajan Langdon\langdtr01,SG,24,CLE,65,1116,11.8,0.561,0.396,0.243,1.2,8.0,4.6,11.9,1.8,0.6,13.1,16.1,1.5,0.5,2.0,0.086,0.3,-1.7,-1.5,0.2,East
219,Dan Langhi\langhda01,SF,23,HOU,33,241,9.4,0.40299999999999997,0.01,0.293,6.4,13.1,9.8,2.8,1.5,0.3,6.7,22.9,-0.2,0.2,-0.1,-0.013999999999999999,-6.0,-3.8,-9.8,-0.5,West
220,Voshon Lenard\lenarvo01,SG,27,DEN,80,2331,13.2,0.522,0.452,0.22699999999999998,2.2,8.7,5.4,13.4,1.4,0.5,9.9,19.7,2.9,0.6,3.5,0.07200000000000001,1.4,-2.0,-0.7,0.8,West
221,Quincy Lewis\lewisqu01,SF,23,UTA,35,402,7.1,0.469,0.203,0.171,4.4,10.0,7.2,7.2,1.3,2.0,11.4,17.1,0.0,0.3,0.3,0.040999999999999995,-2.5,-0.8,-3.3,-0.1,West
222,Rashard Lewis\lewisra02,PF,21,SEA,78,2720,17.3,0.5870000000000001,0.321,0.24,6.1,16.7,11.4,7.6,1.8,1.2,11.6,18.4,5.9,2.1,8.0,0.142,2.6,-0.2,2.5,3.1,West
223,Randy Livingston\livinra01,PG,25,GSW,2,7,-3.7,0.0,0.5,0.0,0.0,16.5,7.6,19.2,0.0,0.0,0.0,12.1,0.0,0.0,0.0,-0.222,-10.8,-3.5,-14.3,0.0,West
224,Art Long\longar01,SF,28,SAC,9,20,-3.6,0.0,0.0,0.5,11.1,31.5,21.5,6.4,0.0,10.0,29.1,15.2,-0.1,0.1,-0.1,-0.214,-15.7,5.3,-10.4,0.0,West
225,Grant Long\longgr01,PF,34,VAN,66,1507,11.4,0.51,0.047,0.49200000000000005,5.8,14.9,10.4,8.7,2.5,0.7,13.8,13.6,1.0,1.4,2.4,0.078,-2.1,1.4,-0.7,0.5,West
226,Luc Longley\longllu01,C,32,NYK,25,301,3.7,0.39899999999999997,0.0,0.315,10.8,15.6,13.3,3.7,0.6,2.4,26.4,13.6,-0.5,0.5,0.0,0.0,-6.4,1.4,-5.1,-0.2,East
227,Felipe Lopez\lopezfe01,SG-PG,26,TOT,70,1565,12.5,0.503,0.109,0.326,4.0,13.5,8.7,11.3,2.1,1.4,13.2,18.0,0.9,1.0,1.9,0.057,-1.4,-0.2,-1.7,0.1,NaN
227,Felipe Lopez\lopezfe01,SG,26,WAS,47,1108,11.9,0.5,0.08900000000000001,0.377,3.1,14.0,8.4,11.1,1.9,1.2,12.8,17.5,0.6,0.5,1.1,0.049,-1.7,-0.5,-2.1,0.0,East
227,Felipe Lopez\lopezfe01,PG,26,MIN,23,457,13.9,0.51,0.151,0.217,6.2,12.4,9.2,11.6,2.4,1.9,14.0,19.1,0.3,0.5,0.7,0.077,-0.9,0.3,-0.5,0.2,West
228,Tyronn Lue\luety01,PG,23,LAL,38,468,8.7,0.51,0.29100000000000004,0.205,1.2,6.4,3.9,14.3,2.1,0.0,17.5,14.8,0.2,0.2,0.4,0.042,-2.1,-2.3,-4.4,-0.3,West
229,George Lynch\lynchge01,SF,30,PHI,82,2649,12.4,0.496,0.09300000000000001,0.278,8.7,16.3,12.6,8.4,2.0,0.8,13.6,13.7,2.3,4.2,6.5,0.11800000000000001,-0.3,2.6,2.3,2.9,East
230,Todd MacCulloch\maccuto01,C,25,PHI,63,597,18.3,0.607,0.0,0.35700000000000004,13.3,18.4,15.9,3.1,0.6,2.3,11.2,18.3,1.6,0.9,2.5,0.19899999999999998,0.2,-1.3,-1.2,0.1,East
231,Don MacLean\macledo01,SF,31,MIA,8,76,16.3,0.613,0.1,0.6,11.0,17.2,14.1,9.6,3.6,1.0,28.3,22.5,0.0,0.2,0.2,0.12,-2.4,2.0,-0.4,0.0,East
232,Mark Madsen\madsema01,PF,25,LAL,70,641,9.2,0.53,0.009000000000000001,0.327,13.2,13.6,13.4,5.4,0.7,0.9,17.3,10.9,0.8,0.3,1.1,0.085,-1.4,-1.4,-2.8,-0.1,West
233,Corey Maggette\maggeco01,SF,21,LAC,69,1359,18.2,0.562,0.115,0.591,7.6,16.6,12.3,10.8,1.4,0.5,14.7,24.5,2.7,1.1,3.9,0.13699999999999998,0.9,-1.4,-0.5,0.5,West
234,Jamaal Magloire\magloja01,C,22,CHH,74,1095,13.4,0.506,0.006999999999999999,0.535,10.8,19.9,15.4,4.2,0.9,5.2,15.4,16.7,0.6,2.0,2.6,0.114,-4.2,1.4,-2.8,-0.2,East
235,Dan Majerle\majerda01,SG,35,MIA,53,1306,9.4,0.48,0.6990000000000001,0.17,1.8,13.3,7.6,11.0,2.2,0.9,11.2,11.6,0.5,2.1,2.6,0.09699999999999999,-1.3,2.0,0.8,0.9,East
236,Karl Malone*\malonka01,PF,37,UTA,81,2895,24.7,0.5720000000000001,0.004,0.503,5.0,23.3,14.3,24.1,1.7,1.7,12.9,30.0,9.1,4.0,13.1,0.217,4.2,1.7,5.9,5.8,West
237,Matt Maloney\malonma01,PG,29,ATL,55,1403,10.4,0.508,0.408,0.098,1.1,8.2,4.6,17.6,2.1,0.3,16.2,13.8,0.7,0.8,1.5,0.053,-0.7,-0.5,-1.2,0.3,East
238,Danny Manning\mannida01,PF,34,UTA,82,1305,14.3,0.537,0.055999999999999994,0.28,6.4,13.8,10.2,12.6,1.9,1.8,14.6,23.2,1.2,1.4,2.6,0.09699999999999999,-0.4,-0.1,-0.5,0.5,West
239,Stephon Marbury\marbust01,PG,23,NJN,67,2557,22.7,0.54,0.262,0.359,2.3,7.0,4.6,40.8,1.6,0.1,11.8,29.7,7.2,0.7,7.8,0.147,7.0,-3.4,3.7,3.7,East
240,Shawn Marion\mariosh01,SF,22,PHO,79,2857,21.0,0.532,0.071,0.249,8.6,25.4,16.8,10.2,2.4,2.7,9.1,22.1,5.3,6.4,11.7,0.196,1.0,3.2,4.2,4.5,West
241,Donyell Marshall\marshdo01,SF,27,UTA,81,2326,19.9,0.568,0.151,0.322,9.4,20.6,15.1,10.1,2.0,2.7,11.7,21.7,5.1,3.3,8.5,0.174,2.5,1.5,4.0,3.5,West
242,Darrick Martin\martida01,PG,29,SAC,31,176,17.0,0.563,0.355,0.461,1.3,8.3,4.9,12.9,2.0,0.0,9.9,25.4,0.5,0.2,0.7,0.182,1.3,-3.3,-2.0,0.0,West
243,Kenyon Martin\martike01,PF,23,NJN,68,2272,13.4,0.47200000000000003,0.013999999999999999,0.247,6.7,19.0,12.7,10.4,1.8,3.7,13.8,19.9,-0.4,2.5,2.1,0.044000000000000004,-2.6,1.9,-0.7,0.8,East
244,Jamal Mashburn\mashbja01,SF,28,CHH,76,2989,17.5,0.493,0.20800000000000002,0.262,3.5,18.4,11.0,26.8,1.5,0.3,12.0,27.1,3.1,4.2,7.3,0.11800000000000001,1.9,0.4,2.3,3.3,East
245,Anthony Mason\masonan01,PF,34,MIA,80,3254,17.4,0.555,0.0,0.49700000000000005,6.2,21.9,14.1,14.2,1.4,0.6,13.3,20.0,6.0,5.6,11.6,0.171,0.3,2.3,2.7,3.8,East
246,Desmond Mason\masonde01,SF,23,SEA,78,1522,10.5,0.483,0.153,0.207,5.5,13.3,9.4,6.5,1.3,1.0,10.0,15.8,1.0,0.8,1.7,0.055,-1.9,-1.1,-3.0,-0.4,West
247,Tony Massenburg\masseto01,PF,33,VAN,52,823,9.6,0.507,0.0,0.35200000000000004,10.5,18.6,14.6,1.8,0.6,2.4,17.3,15.4,0.1,0.6,0.7,0.040999999999999995,-4.8,-1.3,-6.1,-0.9,West
248,Vernon Maxwell\maxweve01,PG,35,TOT,43,660,6.7,0.424,0.498,0.14300000000000002,0.7,10.3,5.6,11.6,1.7,0.3,12.9,18.7,-0.6,0.7,0.0,0.003,-2.8,-1.3,-4.1,-0.3,NaN
248,Vernon Maxwell\maxweve01,PG,35,PHI,24,375,8.1,0.446,0.512,0.17600000000000002,0.9,10.0,5.6,12.5,1.7,0.0,11.8,18.4,-0.1,0.4,0.4,0.046,-1.7,-1.2,-2.9,-0.1,East
248,Vernon Maxwell\maxweve01,PG,35,DAL,19,285,4.9,0.396,0.48,0.102,0.4,10.7,5.7,10.5,1.6,0.8,14.2,19.0,-0.6,0.2,-0.3,-0.052000000000000005,-4.2,-1.4,-5.6,-0.3,West
249,Walter McCarty\mccarwa01,PF,26,BOS,60,478,9.2,0.474,0.444,0.222,5.6,14.5,9.9,13.5,1.5,1.1,12.6,15.0,0.3,0.4,0.7,0.067,-2.1,-1.2,-3.2,-0.1,East
250,Dan McClintock\mcclida01,C,23,DEN,6,58,9.9,0.446,0.0,0.278,18.5,13.3,15.9,2.9,0.0,2.4,12.9,17.8,0.0,0.0,0.0,0.006999999999999999,-3.4,-3.2,-6.6,-0.1,West
251,George McCloud\mccloge01,SF,33,DEN,76,2007,12.9,0.496,0.35700000000000004,0.276,2.9,9.3,6.1,22.1,1.4,0.9,13.7,18.9,2.0,0.6,2.6,0.062,0.3,-1.5,-1.2,0.4,West
252,Jelani McCoy\mccoyje01,C,23,SEA,70,1143,11.1,0.52,0.0,0.35200000000000004,9.3,15.9,12.6,7.7,0.8,3.1,19.7,15.0,0.3,0.8,1.1,0.045,-2.6,0.4,-2.2,-0.1,West
253,Antonio McDyess\mcdyean01,PF,26,DEN,70,2555,22.0,0.5379999999999999,0.0,0.373,10.1,26.1,18.0,10.8,0.9,2.7,10.7,26.5,5.2,2.6,7.8,0.146,1.0,0.1,1.1,2.0,West
254,Tracy McGrady*\mcgratr01,SG,21,ORL,77,3087,24.9,0.521,0.096,0.34,6.7,14.3,10.4,22.8,1.9,2.8,9.1,31.2,8.3,3.9,12.2,0.18899999999999997,4.7,0.9,5.6,5.9,East
255,Jim McIlvaine\mcilvji01,C,28,NJN,18,193,6.2,0.42100000000000004,0.0,0.429,4.6,16.5,10.4,3.2,1.9,5.8,21.3,9.9,-0.2,0.2,0.1,0.015,-6.7,3.0,-3.7,-0.1,East
256,Jeff McInnis\mcinnje01,PG,26,LAC,81,2831,15.6,0.521,0.154,0.17300000000000001,1.7,7.0,4.4,27.7,1.4,0.2,10.1,18.2,5.8,1.1,6.9,0.11699999999999999,2.1,-1.8,0.3,1.6,West
257,Derrick McKey\mckeyde01,SF,34,IND,66,987,8.3,0.49,0.147,0.19899999999999998,5.8,14.1,10.1,11.6,2.6,0.9,24.1,9.2,0.1,1.3,1.4,0.07,-2.8,2.4,-0.5,0.4,East
258,Aaron McKie\mckieaa01,SG,28,PHI,76,2394,15.1,0.5489999999999999,0.23800000000000002,0.272,1.6,12.9,7.3,26.7,2.3,0.2,20.3,18.9,2.3,3.5,5.9,0.11800000000000001,0.9,1.0,1.9,2.4,East
259,Roshown McLeod\mcleoro01,SF,25,TOT,35,922,10.5,0.475,0.066,0.154,4.6,10.0,7.3,11.0,1.3,0.6,14.1,20.0,-0.1,0.5,0.4,0.019,-2.3,-1.0,-3.3,-0.3,NaN
259,Roshown McLeod\mcleoro01,SF,25,ATL,34,907,10.6,0.475,0.064,0.155,4.5,10.0,7.3,11.2,1.3,0.6,13.9,20.2,-0.1,0.5,0.4,0.019,-2.2,-1.0,-3.2,-0.3,East
259,Roshown McLeod\mcleoro01,SF,25,PHI,1,15,0.9,0.5,0.5,0.0,7.7,7.4,7.5,0.0,0.0,0.0,33.3,9.0,0.0,0.0,0.0,-0.019,-5.3,-2.9,-8.2,0.0,East
260,Paul McPherson\mcphepa01,PG,22,TOT,55,595,13.6,0.542,0.055999999999999994,0.26899999999999996,7.0,7.6,7.3,11.6,2.2,0.5,16.3,21.0,0.4,0.5,0.9,0.07400000000000001,-1.4,-1.4,-2.8,-0.1,NaN
260,Paul McPherson\mcphepa01,PG,22,PHO,33,308,10.8,0.526,0.063,0.25,7.2,10.5,8.8,8.8,2.0,0.7,17.8,18.8,0.0,0.4,0.5,0.076,-3.0,0.1,-2.9,-0.1,West
260,Paul McPherson\mcphepa01,PG,22,GSW,22,287,16.7,0.556,0.05,0.28300000000000003,6.8,4.4,5.7,14.6,2.3,0.2,15.1,23.4,0.4,0.0,0.4,0.071,0.3,-3.0,-2.7,0.0,West
261,Stanislav Medvedenko\medvest01,PF,21,LAL,7,39,21.8,0.528,0.04,0.48,2.9,22.9,13.0,10.8,1.3,1.8,9.0,38.2,0.1,0.0,0.1,0.126,-1.6,-4.7,-6.3,0.0,West
262,Ron Mercer\mercero01,SG,24,CHI,61,2535,14.8,0.49200000000000005,0.040999999999999995,0.203,3.2,8.0,5.5,16.2,1.7,0.8,9.6,24.8,1.5,0.4,1.8,0.035,-0.2,-2.2,-2.3,-0.2,East
263,Chris Mihm\mihmch01,C,21,CLE,59,1166,12.6,0.5,0.003,0.322,10.6,17.3,13.9,2.4,0.9,3.3,15.2,20.4,0.3,1.0,1.3,0.053,-3.4,-1.5,-5.0,-0.9,East
264,Darius Miles\milesda01,SF,19,LAC,81,2133,14.7,0.518,0.03,0.37799999999999995,7.0,18.3,12.8,8.1,1.3,4.1,16.7,19.1,0.5,2.6,3.0,0.068,-2.1,2.0,-0.1,1.0,West
265,Andre Miller\millean02,PG,24,CLE,82,2848,20.1,0.541,0.064,0.45,3.8,10.8,7.3,40.5,2.2,0.7,18.1,23.2,6.1,1.9,8.0,0.136,3.6,-0.6,2.9,3.5,East
266,Anthony Miller\millean01,PF,29,TOT,4,11,0.9,0.5,0.0,0.0,0.0,20.4,10.1,0.0,0.0,0.0,33.3,12.2,0.0,0.0,0.0,-0.08199999999999999,-10.7,-3.4,-14.1,0.0,NaN
266,Anthony Miller\millean01,PF,29,ATL,2,6,4.7,0.5,0.0,0.0,0.0,37.4,18.6,0.0,0.0,0.0,33.3,22.3,0.0,0.0,0.0,-0.15,-15.0,-6.5,-21.5,0.0,East
266,Anthony Miller\millean01,PF,29,HOU,1,3,-6.2,,,,0.0,0.0,0.0,0.0,0.0,0.0,,0.0,0.0,0.0,0.0,-0.006999999999999999,-5.4,-0.1,-5.5,0.0,West
266,Anthony Miller\millean01,PF,29,PHI,1,2,0.0,,,,0.0,0.0,0.0,0.0,0.0,0.0,,0.0,0.0,0.0,0.0,0.012,-5.8,0.9,-4.9,0.0,East
267,Brad Miller\millebr01,C,24,CHI,57,1434,16.4,0.52,0.013000000000000001,0.585,11.5,23.7,17.3,13.1,1.2,2.0,13.1,18.1,2.3,1.1,3.4,0.114,-0.7,0.0,-0.7,0.5,East
268,Mike Miller\millemi01,SF,20,ORL,82,2390,13.2,0.541,0.431,0.151,3.0,12.4,7.6,9.7,1.1,0.6,9.7,18.5,3.3,1.9,5.3,0.106,1.1,-1.5,-0.4,1.0,East
269,Reggie Miller*\millere01,SG,35,IND,81,3181,17.3,0.574,0.395,0.29600000000000004,1.4,8.5,5.1,15.0,1.4,0.3,9.1,21.5,8.1,2.2,10.3,0.155,3.9,-1.5,2.4,3.5,East
270,Chris Mills\millsch01,SF,31,GSW,15,493,9.6,0.435,0.131,0.188,4.8,16.2,10.0,6.1,0.9,0.7,8.8,19.4,0.0,0.1,0.1,0.006999999999999999,-3.5,-2.4,-5.9,-0.5,West
271,Terry Mills\millste01,PF,33,IND,14,113,1.1,0.368,0.5,0.0,4.1,16.5,10.5,7.2,1.4,0.6,22.7,18.2,-0.4,0.1,-0.2,-0.096,-7.0,-1.2,-8.2,-0.2,East
272,Sam Mitchell\mitchsa01,SF,37,MIN,82,983,8.2,0.455,0.149,0.19,3.2,11.2,7.1,8.6,1.4,0.7,10.3,16.1,0.0,0.6,0.6,0.03,-3.4,-1.5,-4.9,-0.7,West
273,Cuttino Mobley\moblecu01,SG,25,HOU,79,3002,17.7,0.541,0.20800000000000002,0.39,3.3,11.8,7.7,11.5,1.5,0.6,10.4,24.3,6.2,2.0,8.2,0.13,1.9,-1.1,0.7,2.1,West
274,Nazr Mohammed\mohamna01,C,23,TOT,58,912,19.2,0.52,0.003,0.341,14.1,23.6,18.8,3.9,1.7,2.8,13.1,24.0,1.1,1.4,2.5,0.129,-1.5,-0.9,-2.4,-0.1,NaN
274,Nazr Mohammed\mohamna01,C,23,PHI,30,196,15.3,0.478,0.0,0.318,10.6,20.9,15.9,2.0,1.6,2.6,8.2,25.2,0.1,0.4,0.5,0.11599999999999999,-3.9,-2.4,-6.3,-0.2,East
274,Nazr Mohammed\mohamna01,C,23,ATL,28,716,20.3,0.532,0.004,0.349,15.0,24.3,19.6,4.4,1.7,2.8,14.5,23.7,1.0,1.0,2.0,0.133,-0.9,-0.5,-1.4,0.1,East
275,Jerome Moiso\moisoje01,C,22,BOS,24,135,3.2,0.42200000000000004,0.033,0.867,9.9,27.1,18.1,3.6,1.2,2.3,30.3,20.0,-0.4,0.2,-0.3,-0.096,-10.5,-1.4,-11.9,-0.3,East
276,Eric Montross\montrer01,C,29,TOT,54,649,5.4,0.396,0.0,0.225,8.5,20.5,14.4,4.5,0.9,2.8,21.3,12.9,-0.9,0.9,0.0,-0.001,-6.5,1.3,-5.2,-0.5,NaN
276,Eric Montross\montrer01,C,29,DET,42,568,5.0,0.40399999999999997,0.0,0.215,8.0,19.4,13.6,4.1,0.7,2.9,21.8,12.9,-0.8,0.7,-0.1,-0.006,-6.6,1.2,-5.4,-0.5,East
276,Eric Montross\montrer01,C,29,TOR,12,81,8.1,0.33899999999999997,0.0,0.294,12.2,28.5,20.2,7.2,2.0,2.6,17.2,12.8,-0.1,0.1,0.0,0.027999999999999997,-5.6,2.0,-3.6,0.0,East
277,Mikki Moore\mooremi01,C,25,DET,81,1154,12.9,0.552,0.004,0.485,11.0,18.4,14.7,4.6,1.1,3.7,18.5,15.0,1.1,1.6,2.8,0.11599999999999999,-2.7,1.4,-1.2,0.2,East
278,Hanno Mottola\mottoha01,SF,24,ATL,73,989,7.5,0.504,0.011000000000000001,0.325,5.5,14.2,9.8,4.2,0.6,0.6,17.5,17.3,-0.1,0.5,0.4,0.018000000000000002,-4.5,-2.0,-6.5,-1.1,East
279,Alonzo Mourning*\mournal01,C,30,MIA,13,306,24.6,0.536,0.006999999999999999,0.39,13.6,25.6,19.6,8.9,0.7,7.8,14.5,30.6,0.2,0.7,0.9,0.14800000000000002,-1.9,2.4,0.5,0.2,East
280,Chris Mullin*\mullich01,SF,37,GSW,20,374,10.0,0.486,0.491,0.264,2.6,9.6,5.8,7.9,2.2,1.9,13.8,15.5,0.1,0.2,0.3,0.034,-2.2,-0.8,-3.0,-0.1,West
281,Lamond Murray\murrala01,SF,27,CLE,78,2225,13.9,0.49,0.17800000000000002,0.228,5.4,12.3,8.9,10.1,2.0,0.9,12.2,23.5,0.8,1.5,2.3,0.05,-0.3,-1.0,-1.3,0.4,East
282,Tracy Murray\murratr01,SF,29,TOT,51,588,11.4,0.48200000000000004,0.415,0.16899999999999998,4.1,11.4,7.7,6.5,1.1,0.8,8.9,22.2,0.2,0.3,0.6,0.046,-1.0,-3.5,-4.5,-0.4,NaN
282,Tracy Murray\murratr01,SF,29,DEN,13,135,9.8,0.42100000000000004,0.418,0.182,3.2,14.7,8.9,10.6,1.5,0.5,9.2,21.6,-0.1,0.1,0.0,-0.002,-2.9,-2.7,-5.6,-0.1,West
282,Tracy Murray\murratr01,SF,29,TOR,38,453,11.9,0.5,0.415,0.166,4.4,10.5,7.3,5.2,0.9,0.9,8.8,22.4,0.3,0.2,0.6,0.061,-0.5,-3.7,-4.2,-0.3,East
283,Dikembe Mutombo*\mutomdi01,C,34,TOT,75,2591,17.5,0.547,0.0,0.523,13.3,30.5,21.9,4.7,0.6,5.6,17.4,14.3,3.4,4.7,8.1,0.151,-1.7,3.2,1.4,2.2,NaN
283,Dikembe Mutombo*\mutomdi01,C,34,ATL,49,1716,16.5,0.528,0.0,0.435,12.1,33.0,22.5,5.0,0.6,5.7,17.9,13.4,1.5,3.0,4.5,0.125,-2.5,3.4,0.9,1.3,East
283,Dikembe Mutombo*\mutomdi01,C,34,PHI,26,875,19.6,0.58,0.0,0.6779999999999999,15.7,25.7,20.8,4.1,0.5,5.5,16.5,16.2,1.9,1.8,3.7,0.201,-0.2,2.7,2.5,1.0,East
284,Mamadou N'Diaye\ndiayma02,C,25,TOR,3,10,6.6,0.41,0.0,0.5,11.0,11.6,11.3,0.0,0.0,0.0,0.0,21.8,0.0,0.0,0.0,0.083,-5.2,-8.3,-13.6,0.0,East
285,Lee Nailon\nailole01,SF,25,CHH,42,469,11.7,0.529,0.006999999999999999,0.316,7.1,15.3,11.2,9.1,1.0,0.8,14.8,17.9,0.4,0.6,0.9,0.096,-3.1,-0.9,-4.1,-0.2,East
286,Eduardo Najera\najered01,PF,24,DAL,40,431,14.0,0.522,0.027000000000000003,0.297,10.9,13.6,12.3,9.7,1.6,1.3,11.9,15.0,0.6,0.4,1.1,0.12,-0.2,0.3,0.1,0.2,West
287,Steve Nash*\nashst01,PG,26,DAL,70,2387,19.6,0.603,0.27699999999999997,0.326,2.2,8.1,5.2,34.6,1.6,0.1,18.5,21.1,6.8,1.6,8.4,0.16899999999999998,4.1,-1.9,2.2,2.5,West
288,Tyrone Nesby\nesbyty01,SF-SG,25,TOT,62,1556,8.9,0.444,0.34,0.2,3.8,9.2,6.5,8.2,1.7,0.9,10.1,18.5,-0.2,0.5,0.3,0.008,-1.5,-1.7,-3.2,-0.5,NaN
288,Tyrone Nesby\nesbyty01,SG,25,LAC,14,333,8.5,0.406,0.374,0.187,5.7,8.7,7.2,5.5,1.6,0.8,7.0,19.9,-0.2,0.2,0.0,0.004,-1.9,-1.9,-3.8,-0.2,West
288,Tyrone Nesby\nesbyty01,SF,25,WAS,48,1223,9.0,0.455,0.32899999999999996,0.204,3.3,9.4,6.3,8.9,1.7,0.9,11.0,18.2,-0.1,0.3,0.2,0.009000000000000001,-1.4,-1.6,-3.0,-0.3,East
289,Rasho Nesterovic\nestera01,C,24,MIN,73,1233,10.4,0.47200000000000003,0.003,0.204,9.1,17.5,13.2,5.4,1.1,3.6,13.7,14.8,0.2,1.3,1.5,0.06,-3.4,0.7,-2.7,-0.2,West
290,Ira Newble\newblir01,SF,26,SAS,27,184,8.9,0.435,0.16399999999999998,0.29100000000000004,8.4,12.9,10.8,5.3,0.6,1.5,10.1,17.6,0.0,0.2,0.2,0.055,-3.4,-0.9,-4.3,-0.1,West
291,Johnny Newman\newmajo01,SG,37,NJN,82,2049,13.0,0.542,0.253,0.42700000000000005,1.9,8.2,4.9,10.0,1.6,0.4,11.4,20.6,2.7,0.7,3.4,0.081,-0.1,-2.5,-2.6,-0.3,East
292,Moochie Norris\norrimo01,PG,27,HOU,82,1654,16.2,0.546,0.215,0.47,3.2,10.5,6.9,27.1,2.2,0.1,17.7,16.8,3.1,1.2,4.4,0.126,1.0,-0.9,0.1,0.9,West
293,Dirk Nowitzki\nowitdi01,PF,22,DAL,82,3125,22.8,0.601,0.313,0.431,4.4,22.1,13.5,9.4,1.3,2.3,9.5,23.8,10.3,4.3,14.6,0.22399999999999998,4.3,0.5,4.7,5.3,West
294,Jermaine O'Neal\onealje01,C,22,IND,81,2641,17.5,0.501,0.006,0.447,11.0,22.7,17.0,6.7,1.0,6.2,13.4,21.2,1.7,4.7,6.4,0.11599999999999999,-2.2,2.7,0.5,1.6,East
295,Shaquille O'Neal*\onealsh01,C,28,LAL,74,2924,30.2,0.574,0.001,0.684,11.3,24.8,18.1,18.8,0.8,4.9,10.5,31.6,11.1,3.9,14.9,0.245,5.7,1.6,7.3,6.8,West
296,Charles Oakley\oaklech01,PF,37,TOR,78,2767,11.6,0.439,0.062,0.193,5.6,25.0,15.1,14.6,1.4,1.2,14.0,16.0,0.2,3.5,3.7,0.065,-2.1,2.2,0.0,1.4,East
297,Lamar Odom\odomla01,PF,21,LAC,76,2836,18.9,0.536,0.242,0.369,4.6,18.9,11.9,25.0,1.4,3.0,17.8,24.1,3.2,3.3,6.5,0.111,2.4,2.2,4.6,4.6,West
298,Hakeem Olajuwon*\olajuha01,C,38,HOU,58,1545,20.7,0.526,0.002,0.349,9.5,22.4,16.1,8.3,2.4,4.0,11.0,21.9,2.4,2.6,5.0,0.155,-0.2,2.2,2.0,1.6,West
299,Kevin Ollie\ollieke01,PG,28,TOT,70,925,10.3,0.467,0.016,0.46399999999999997,2.0,9.6,5.8,24.5,1.7,0.1,17.5,13.7,0.5,0.9,1.4,0.075,-2.8,-0.7,-3.5,-0.4,NaN
299,Kevin Ollie\ollieke01,PG,28,NJN,19,161,5.5,0.311,0.0,0.7040000000000001,2.1,14.7,8.2,23.0,1.6,0.0,20.3,12.5,-0.2,0.1,-0.1,-0.045,-6.8,-1.1,-7.8,-0.2,East
299,Kevin Ollie\ollieke01,PG,28,PHI,51,764,11.4,0.495,0.018000000000000002,0.424,2.0,8.6,5.3,24.8,1.7,0.1,17.0,14.0,0.7,0.9,1.6,0.1,-2.0,-0.6,-2.6,-0.1,East
300,Michael Olowokandi\olowomi01,C,25,LAC,82,2127,10.0,0.451,0.0,0.22,9.3,18.7,14.1,3.7,0.8,3.6,17.9,20.5,-2.6,2.2,-0.4,-0.008,-5.1,0.2,-4.9,-1.6,West
301,Greg Ostertag\ostergr01,C,27,UTA,81,1491,13.3,0.522,0.006999999999999999,0.537,13.9,20.4,17.3,2.3,0.8,7.7,15.3,12.7,1.5,2.3,3.8,0.121,-2.0,2.9,0.9,1.1,West
302,Bo Outlaw\outlabo01,PF,29,ORL,80,2534,15.7,0.623,0.005,0.611,9.0,18.3,13.6,13.3,2.1,4.0,23.2,10.6,3.9,4.0,7.9,0.15,0.3,4.4,4.7,4.2,East
303,Doug Overton\overtdo01,PG,31,TOT,21,475,7.5,0.428,0.259,0.115,0.9,8.8,4.7,25.5,0.9,0.0,17.5,16.9,-0.4,0.1,-0.3,-0.026000000000000002,-3.8,-3.4,-7.2,-0.6,NaN
303,Doug Overton\overtdo01,PG,31,BOS,7,144,5.1,0.389,0.091,0.25,2.3,10.2,6.1,22.2,1.4,0.0,21.0,19.5,-0.3,0.1,-0.2,-0.075,-6.5,-2.5,-9.0,-0.3,East
303,Doug Overton\overtdo01,PG,31,CHH,2,15,1.9,1.0,0.0,0.0,0.0,0.0,0.0,0.0,3.6,0.0,60.0,15.4,-0.1,0.0,0.0,-0.126,-7.7,0.2,-7.5,0.0,East
303,Doug Overton\overtdo01,PG,31,NJN,12,316,8.9,0.436,0.344,0.054000000000000006,0.4,8.6,4.4,28.2,0.5,0.0,13.6,15.8,0.0,0.0,0.0,0.001,-2.3,-4.1,-6.4,-0.4,East
304,Billy Owens\owensbi01,PF,31,DET,45,793,10.5,0.4,0.087,0.174,11.1,16.7,13.8,11.1,2.0,1.1,13.6,15.7,-0.3,1.1,0.8,0.048,-2.7,1.6,-1.1,0.2,East
305,Olumide Oyedeji\oyedeol01,C,19,SEA,30,221,10.6,0.532,0.0,0.324,12.5,22.2,17.4,1.3,1.7,3.3,20.6,10.9,0.1,0.3,0.4,0.09,-3.7,-0.2,-3.9,-0.1,West
306,Robert Pack\packro01,PG,31,DEN,74,1260,14.8,0.493,0.073,0.322,2.6,9.3,5.9,38.2,2.7,0.1,21.7,22.0,0.4,0.7,1.1,0.043,-1.3,-2.0,-3.2,-0.4,West
307,Scott Padgett\padgesc01,PF,24,UTA,27,127,17.6,0.541,0.209,0.465,18.9,19.1,19.0,6.5,2.5,1.9,16.2,22.4,0.2,0.2,0.4,0.158,1.2,-0.7,0.5,0.1,West
308,Milt Palacio\palacmi01,PG,22,BOS,58,1141,12.3,0.556,0.135,0.345,2.4,8.2,5.2,22.5,2.2,0.0,20.6,15.4,1.1,0.7,1.8,0.076,-1.8,-1.7,-3.5,-0.4,East
309,Andy Panko\pankoan01,SF,23,ATL,1,1,0.0,,,,0.0,0.0,0.0,0.0,0.0,0.0,,0.0,0.0,0.0,0.0,-0.017,-6.3,0.0,-6.4,0.0,East
310,Cherokee Parks\parksch02,C,28,TOT,65,1054,12.6,0.51,0.022000000000000002,0.161,7.9,16.9,12.5,7.3,1.3,2.4,12.3,14.6,0.9,1.0,1.9,0.086,-1.8,0.7,-1.1,0.2,NaN
310,Cherokee Parks\parksch02,C,28,WAS,13,178,13.0,0.528,0.0,0.447,8.4,18.1,13.1,6.4,1.7,4.4,18.0,13.9,0.1,0.2,0.3,0.07,-2.8,1.4,-1.4,0.0,East
310,Cherokee Parks\parksch02,C,28,LAC,52,876,12.5,0.506,0.025,0.114,7.8,16.6,12.3,7.5,1.2,2.0,11.1,14.7,0.8,0.8,1.6,0.08900000000000001,-1.6,0.5,-1.1,0.2,West
311,Ruben Patterson\patteru01,SF,25,SEA,76,2059,19.3,0.544,0.048,0.48200000000000004,10.3,11.0,10.7,13.4,2.6,1.6,14.6,23.3,3.8,1.7,5.5,0.128,1.9,0.3,2.2,2.2,West
312,Gary Payton*\paytoga01,PG,32,SEA,79,3244,22.1,0.522,0.171,0.223,2.6,10.1,6.4,36.6,2.1,0.6,10.7,27.2,9.1,1.7,10.8,0.16,5.4,-1.1,4.3,5.1,West
313,Anthony Peeler\peelean01,SG,31,MIN,75,2126,12.6,0.513,0.35,0.11900000000000001,2.3,8.0,5.2,13.9,2.2,0.6,12.0,18.6,1.6,1.5,3.2,0.071,0.5,-1.0,-0.5,0.8,West
314,Mike Penberthy\penbemi01,PG,26,LAL,53,851,11.2,0.5670000000000001,0.626,0.14,1.3,7.0,4.2,12.4,1.4,0.2,12.6,14.2,1.3,0.2,1.6,0.08800000000000001,0.8,-2.8,-2.0,0.0,West
315,Will Perdue\perduwi01,C,35,POR,13,58,18.5,0.6509999999999999,0.0,0.444,12.8,23.9,18.5,5.3,2.8,2.6,0.0,8.6,0.2,0.1,0.3,0.245,1.3,2.1,3.3,0.1,West
316,Sam Perkins\perkisa01,PF,39,IND,64,999,11.1,0.499,0.48700000000000004,0.168,3.7,15.0,9.5,6.6,1.8,1.3,7.3,12.2,0.9,1.2,2.0,0.098,-1.4,0.4,-0.9,0.3,East
317,Elliot Perry\perryel01,PG,31,TOT,49,499,11.6,0.491,0.036000000000000004,0.157,2.0,8.5,5.2,25.8,2.3,0.1,20.2,16.8,0.0,0.7,0.6,0.061,-3.5,-0.7,-4.2,-0.3,NaN
317,Elliot Perry\perryel01,PG,31,ORL,6,39,7.5,0.455,0.091,0.0,2.8,8.7,5.7,20.5,4.0,0.0,35.3,19.3,-0.1,0.1,-0.1,-0.083,-7.0,0.1,-6.9,0.0,East
317,Elliot Perry\perryel01,PG,31,PHO,43,460,12.0,0.494,0.031,0.171,1.9,8.5,5.2,26.3,2.1,0.2,18.7,16.6,0.1,0.6,0.7,0.07400000000000001,-3.2,-0.8,-4.0,-0.2,West
318,Wesley Person\persowe01,SG,29,CLE,44,958,11.6,0.514,0.28800000000000003,0.10300000000000001,1.3,14.4,7.9,11.2,1.5,0.8,11.6,16.3,0.6,0.6,1.2,0.061,-1.0,-0.8,-1.8,0.1,East
319,Morris Peterson\petermo01,SG,23,TOR,80,1809,14.1,0.507,0.245,0.215,6.8,9.4,8.1,9.6,1.8,0.8,9.6,20.1,2.3,1.3,3.6,0.096,1.0,-1.1,-0.1,0.8,East
320,Eric Piatkowski\piatker01,SG,30,LAC,81,2144,14.6,0.5720000000000001,0.442,0.26899999999999996,3.0,9.7,6.4,7.6,1.1,0.6,9.2,17.8,4.5,1.0,5.5,0.12300000000000001,2.2,-1.6,0.6,1.4,West
321,Paul Pierce\piercpa01,SF,23,BOS,82,3120,22.3,0.563,0.254,0.488,3.4,16.7,9.8,16.9,2.3,1.7,12.5,30.6,6.9,3.5,10.4,0.16,3.7,-0.5,3.2,4.1,East
322,Scottie Pippen*\pippesc01,SF,35,POR,64,2133,15.3,0.541,0.312,0.27,4.1,14.2,9.3,21.8,2.4,1.2,18.8,17.9,2.4,2.7,5.1,0.115,1.3,1.5,2.7,2.6,West
323,Scot Pollard\pollasc01,C,25,SAC,77,1658,15.0,0.53,0.005,0.433,11.5,18.5,15.1,4.2,1.5,3.9,12.3,14.3,2.5,2.9,5.4,0.157,-1.5,2.1,0.6,1.1,West
324,Olden Polynice\polynol01,C,36,UTA,81,1619,9.9,0.484,0.002,0.157,12.3,16.6,14.5,3.1,0.9,3.9,15.0,14.8,0.2,1.8,2.0,0.057999999999999996,-2.4,0.8,-1.6,0.2,West
325,Mark Pope\popema01,PF,28,MIL,63,942,7.2,0.48,0.16899999999999998,0.24600000000000002,6.8,10.9,8.8,5.6,0.9,2.0,9.7,8.4,0.8,0.5,1.3,0.068,-2.0,0.2,-1.7,0.1,East
326,Chris Porter\portech01,SF,22,GSW,51,1147,11.1,0.434,0.011000000000000001,0.317,7.6,10.1,8.7,9.0,2.0,0.4,10.4,20.8,-0.1,0.3,0.2,0.008,-2.8,-1.8,-4.6,-0.8,West
327,Terry Porter\portete01,PG,37,SAS,80,1678,15.5,0.583,0.466,0.264,1.7,11.4,6.8,24.5,1.7,0.5,17.5,16.7,3.0,2.3,5.4,0.154,2.0,0.2,2.2,1.8,West
328,James Posey\poseyja01,SF,24,DEN,82,2255,12.5,0.511,0.368,0.239,5.9,14.9,10.4,11.2,2.1,1.2,13.5,14.9,2.1,1.7,3.8,0.08,0.0,0.9,0.9,1.7,West
329,Lavor Postell\postela01,SG,22,NYK,26,169,7.2,0.44799999999999995,0.204,0.5,5.9,11.8,8.9,5.0,1.3,1.0,20.5,24.0,-0.3,0.2,-0.1,-0.027000000000000003,-6.4,-1.4,-7.9,-0.2,East
330,Vitaly Potapenko\potapvi01,C,25,BOS,82,1901,12.8,0.517,0.0,0.303,12.1,18.5,15.2,5.9,1.4,0.9,15.1,16.6,1.8,1.7,3.4,0.087,-2.2,-0.7,-3.0,-0.5,East
331,Brent Price\pricebr01,PG,32,VAN,6,30,9.4,0.462,0.364,0.636,3.8,11.4,7.6,26.6,3.5,0.0,22.1,27.5,0.0,0.0,0.0,-0.003,-2.5,-1.3,-3.8,0.0,West
332,Laron Profit\profila01,PG,23,WAS,35,605,11.7,0.47,0.183,0.317,3.4,9.1,6.2,23.5,3.1,1.3,22.1,15.3,-0.1,0.4,0.3,0.023,-1.9,-0.1,-1.9,0.0,East
333,Joel Przybilla\przybjo01,C,21,MIL,33,270,5.9,0.33899999999999997,0.0,0.314,12.3,17.5,14.9,1.0,0.6,8.2,24.6,8.9,-0.2,0.3,0.1,0.018000000000000002,-6.4,2.5,-3.9,-0.1,East
334,Theo Ratliff\ratlith01,C,27,PHI,50,1800,16.3,0.562,0.0,0.475,8.0,17.7,13.0,5.3,0.9,7.6,18.6,17.0,1.7,3.5,5.2,0.138,-1.6,4.9,3.3,2.4,East
335,Eldridge Recasner\recasel01,PG,33,CHH,43,403,6.2,0.42200000000000004,0.342,0.158,3.7,10.4,7.1,15.9,0.8,0.2,18.1,17.0,-0.4,0.4,0.0,-0.004,-4.6,-1.9,-6.5,-0.5,East
336,Michael Redd\reddmi01,SG,21,MIL,6,35,3.4,0.3,0.158,0.316,9.8,3.2,6.5,4.4,1.5,0.0,4.4,29.3,-0.1,0.0,-0.1,-0.163,-7.8,-6.5,-14.3,-0.1,East
337,Bryant Reeves\reevebr01,C,27,VAN,75,1832,12.8,0.506,0.006999999999999999,0.257,8.3,19.8,14.1,7.4,1.2,2.0,12.8,17.6,1.2,1.7,2.9,0.075,-2.5,0.5,-2.0,0.0,West
338,Don Reid\reiddo01,PF,27,ORL,65,764,13.1,0.59,0.0,0.517,11.9,23.5,17.6,4.2,1.6,5.2,21.2,13.1,0.8,1.4,2.3,0.141,-2.8,2.2,-0.6,0.3,East
339,J.R. Reid\reidjr01,PF,32,CLE,6,39,15.7,0.5870000000000001,0.0,1.6,14.9,8.9,11.9,3.8,2.7,1.9,10.5,11.0,0.1,0.0,0.1,0.174,0.9,0.3,1.3,0.0,East
340,Glen Rice\ricegl01,SF,33,NYK,75,2212,13.7,0.54,0.281,0.242,3.4,13.0,8.4,7.4,1.0,0.5,10.3,20.5,2.7,2.9,5.7,0.12300000000000001,0.3,-0.3,0.0,1.1,East
341,Quentin Richardson\richaqu01,SG,20,LAC,76,1358,16.5,0.516,0.28800000000000003,0.301,9.1,12.5,10.8,8.3,1.7,0.4,9.7,22.4,2.1,1.0,3.0,0.106,1.6,-1.9,-0.3,0.6,West
342,Mitch Richmond*\richmmi01,SG,35,WAS,37,1216,14.9,0.521,0.264,0.317,1.4,9.2,5.2,16.6,1.8,0.4,12.8,24.1,1.4,0.2,1.6,0.065,1.1,-2.5,-1.4,0.2,East
343,Isaiah Rider\rideris01,SG,29,LAL,67,1206,11.8,0.499,0.195,0.17600000000000002,4.2,10.4,7.3,15.0,1.2,0.4,16.2,22.5,0.3,0.5,0.8,0.033,-1.7,-2.7,-4.3,-0.7,West
344,Terrance Roberson\roberte01,SF,24,CHH,3,13,-15.0,0.0,0.5,0.0,0.0,8.7,4.4,10.9,0.0,0.0,50.0,14.2,-0.1,0.0,-0.1,-0.33399999999999996,-16.1,-1.5,-17.7,-0.1,East
345,Clifford Robinson\robincl02,PF,34,PHO,82,2751,14.8,0.501,0.21,0.301,4.2,9.6,6.9,15.4,1.6,2.2,12.2,24.8,1.6,3.9,5.4,0.095,0.2,0.6,0.8,1.9,West
346,David Robinson*\robinda01,C,35,SAS,80,2371,23.7,0.5589999999999999,0.001,0.5710000000000001,10.4,22.0,16.5,8.8,1.8,5.8,10.6,22.8,6.4,5.7,12.1,0.24600000000000002,1.4,4.1,5.5,4.5,West
347,Eddie Robinson\robined01,SF,24,CHH,67,1201,17.9,0.5589999999999999,0.01,0.21600000000000003,5.7,13.1,9.4,9.4,2.2,2.0,8.8,18.8,2.1,1.8,4.0,0.159,-0.5,0.6,0.2,0.7,East
348,Glenn Robinson\robingl01,SF,28,MIL,76,2813,20.1,0.525,0.126,0.21,5.0,16.1,10.6,16.5,1.6,1.6,12.1,29.2,4.2,2.5,6.7,0.114,1.3,-0.6,0.7,1.9,East
349,Jamal Robinson\robinja03,SF,27,MIA,6,72,-1.9,0.136,0.091,0.0,5.0,13.2,9.1,4.4,4.6,0.0,12.0,16.8,-0.4,0.2,-0.2,-0.166,-11.4,2.3,-9.0,-0.1,East
350,James Robinson\robinja02,PG,30,ORL,6,50,5.1,0.455,0.455,0.0,0.0,18.2,8.9,0.0,4.1,1.5,26.7,13.3,-0.1,0.1,0.0,-0.017,-7.8,0.0,-7.9,-0.1,East
351,Larry Robinson\robinla01,PG-SG,33,TOT,34,632,11.8,0.511,0.63,0.13,4.0,11.4,7.7,9.1,2.3,0.2,11.4,15.5,0.6,0.5,1.1,0.083,0.7,-0.6,0.1,0.3,NaN
351,Larry Robinson\robinla01,SG,33,CLE,1,1,-54.4,,,,0.0,0.0,0.0,0.0,0.0,0.0,100.0,45.2,0.0,0.0,0.0,-1.521,-48.1,0.1,-48.0,0.0,East
351,Larry Robinson\robinla01,PG,33,ATL,33,631,11.9,0.511,0.63,0.13,4.0,11.4,7.7,9.2,2.3,0.2,11.0,15.5,0.6,0.5,1.1,0.085,0.8,-0.6,0.2,0.4,East
352,Carlos Rogers\rogerca01,C,29,HOU,39,544,18.1,0.674,0.009000000000000001,0.473,10.5,18.9,14.8,2.7,1.0,2.3,11.3,12.7,1.5,0.5,2.0,0.18,0.5,-0.6,-0.2,0.3,West
353,Rodney Rogers\rogerro01,SF,29,PHO,82,2183,14.6,0.507,0.21600000000000003,0.282,4.8,14.0,9.3,14.5,2.3,1.6,13.8,23.3,1.0,3.7,4.7,0.10400000000000001,-0.4,1.3,1.0,1.6,West
354,Sean Rooks\rooksse01,C,31,LAC,82,1553,11.5,0.48700000000000004,0.005,0.36200000000000004,6.9,15.2,11.2,8.1,1.2,2.9,13.7,15.8,0.8,1.5,2.3,0.07,-2.5,1.1,-1.3,0.3,West
355,Jalen Rose\roseja01,SF,28,IND,72,2943,17.8,0.53,0.14,0.27699999999999997,1.5,12.0,6.9,28.7,1.2,1.0,13.2,25.5,4.8,2.5,7.3,0.11900000000000001,2.3,-0.5,1.8,2.8,East
356,Malik Rose\rosema01,PF,26,SAS,57,1219,14.8,0.498,0.046,0.435,9.3,18.8,14.3,6.6,2.6,2.3,14.4,19.8,0.7,2.6,3.3,0.131,-1.7,2.5,0.8,0.9,West
357,Michael Ruffin\ruffimi01,PF,24,CHI,45,879,10.1,0.48,0.0,0.856,13.1,22.6,17.7,6.9,1.8,3.2,27.1,9.0,0.2,0.9,1.0,0.055999999999999994,-3.8,2.1,-1.7,0.1,East
358,Bryon Russell\russebr01,SF,30,UTA,78,2473,14.1,0.565,0.32899999999999996,0.40700000000000003,4.8,11.6,8.3,10.4,2.1,0.7,12.0,17.5,4.5,2.3,6.8,0.133,2.4,0.4,2.8,3.0,West
359,Arvydas Sabonis*\sabonar01,C,36,POR,61,1299,18.4,0.527,0.028999999999999998,0.302,4.9,24.9,15.2,12.3,1.7,3.5,12.7,24.0,1.5,2.3,3.7,0.138,-1.7,1.4,-0.3,0.6,West
360,Soumaila Samake\samakso01,C,22,NJN,34,226,9.0,0.39299999999999996,0.0,0.5,10.9,16.2,13.5,0.7,0.5,4.6,6.4,12.6,0.0,0.2,0.1,0.027999999999999997,-6.0,-1.5,-7.5,-0.3,East
361,Pepe Sanchez\sanchpe01,PG,23,TOT,29,150,12.6,0.34600000000000003,0.036000000000000004,0.071,2.3,8.9,5.6,41.3,3.9,0.5,17.2,10.5,0.1,0.2,0.3,0.107,-2.8,-0.5,-3.4,-0.1,NaN
361,Pepe Sanchez\sanchpe01,PG,23,ATL,5,34,-4.8,0.0,0.0,0.0,3.3,0.0,1.6,20.2,3.1,0.0,30.0,13.1,-0.2,0.0,-0.2,-0.249,-11.9,-1.4,-13.3,-0.1,East
361,Pepe Sanchez\sanchpe01,PG,23,PHI,24,116,17.7,0.457,0.048,0.095,2.0,11.5,6.8,47.5,4.1,0.6,12.1,9.7,0.3,0.2,0.5,0.212,-0.2,-0.2,-0.4,0.0,East
362,Daniel Santiago\santida01,C,24,PHO,54,581,7.9,0.528,0.0,0.455,6.7,13.3,9.9,3.0,1.5,2.6,22.6,16.0,-0.3,0.9,0.6,0.052000000000000005,-5.5,0.9,-4.6,-0.4,West
363,Detlef Schrempf\schrede01,SF,38,POR,26,397,9.8,0.48700000000000004,0.084,0.284,5.3,17.7,11.7,16.8,0.9,0.6,20.8,15.8,0.1,0.4,0.5,0.057,-3.1,-0.2,-3.3,-0.1,West
364,Shawnelle Scott\scottsh01,C,28,SAS,27,144,12.0,0.424,0.0,0.537,19.0,20.2,19.6,4.6,1.9,2.9,17.8,20.1,-0.1,0.3,0.2,0.071,-3.9,0.8,-3.1,0.0,West
365,Brian Shaw\shawbr01,SG,34,LAL,80,1833,10.9,0.479,0.32799999999999996,0.156,3.0,15.6,9.4,20.4,1.4,1.0,18.1,13.1,1.2,1.4,2.5,0.067,-1.2,-0.1,-1.3,0.3,West
366,Brian Skinner\skinnbr01,PF,24,LAC,39,584,10.4,0.428,0.0,0.366,11.1,21.5,16.5,5.0,1.3,1.3,14.6,17.3,-0.3,0.6,0.3,0.027999999999999997,-4.3,-0.5,-4.8,-0.4,West
367,Reggie Slater\slatere01,PF,30,MIN,55,686,14.1,0.568,0.0,0.629,12.9,18.2,15.5,5.7,1.4,0.9,16.1,17.6,1.2,0.7,1.8,0.129,-0.9,-1.4,-2.3,-0.1,West
368,Jabari Smith\smithja01,C,23,SAC,9,66,14.7,0.528,0.0,0.273,1.7,11.1,6.5,14.8,3.1,0.0,10.9,18.5,0.1,0.1,0.2,0.126,-1.9,-0.2,-2.1,0.0,West
369,Joe Smith\smithjo02,PF,25,DET,69,1941,14.6,0.475,0.006999999999999999,0.375,8.7,18.6,13.5,7.1,1.2,1.8,9.0,21.9,1.9,2.5,4.4,0.11,-1.9,0.0,-1.8,0.1,East
370,Michael Smith\smithmi02,PF,28,WAS,79,1610,14.0,0.527,0.005,0.706,12.3,28.9,20.4,9.6,1.8,1.6,17.8,9.6,2.0,1.6,3.6,0.10800000000000001,-0.9,2.0,1.1,1.3,East
371,Mike Smith\smithmi03,SF,24,WAS,17,180,8.1,0.386,0.305,0.271,6.4,7.9,7.2,9.0,1.4,1.2,9.6,18.1,-0.1,0.0,-0.1,-0.033,-3.0,-2.5,-5.5,-0.2,East
372,Steve Smith\smithst01,SG,31,POR,81,2542,15.9,0.5870000000000001,0.292,0.44,4.2,8.4,6.4,13.6,1.0,0.7,12.7,19.7,6.6,1.6,8.2,0.155,2.5,-1.5,1.1,2.0,West
373,Tony Smith\smithto02,SG,32,ATL,6,78,3.8,0.35600000000000004,0.087,0.087,2.8,1.4,2.1,20.5,4.7,0.0,27.4,18.8,-0.3,0.1,-0.2,-0.11,-6.7,-0.7,-7.4,-0.1,East
374,Eric Snow\snower01,PG,27,PHI,50,1740,14.0,0.488,0.044000000000000004,0.354,1.8,8.8,5.4,33.9,2.3,0.3,19.8,16.3,1.5,2.3,3.8,0.105,-0.4,0.3,-0.2,0.8,East
375,Felton Spencer\spencfe01,C,33,NYK,18,113,13.5,0.629,0.0,1.25,17.7,19.7,18.7,3.0,1.0,1.4,26.2,18.2,0.2,0.2,0.4,0.152,-2.1,-0.8,-2.9,0.0,East
376,Latrell Sprewell\sprewla01,SF,30,NYK,77,3017,15.1,0.49700000000000005,0.111,0.28800000000000003,2.0,11.6,7.0,17.2,1.9,0.8,13.7,25.8,0.5,4.6,5.1,0.08199999999999999,-0.6,1.1,0.5,1.9,East
377,Jerry Stackhouse\stackje01,SG,26,DET,80,3215,21.8,0.521,0.245,0.42,3.2,7.3,5.2,25.8,1.5,1.2,12.5,35.2,6.6,2.6,9.2,0.13699999999999998,5.3,-1.6,3.7,4.6,East
378,John Starks\starkjo01,SG,35,UTA,75,2122,9.3,0.47600000000000003,0.265,0.162,1.7,7.2,4.5,13.5,1.8,0.4,11.3,18.0,0.6,1.5,2.1,0.048,-0.7,-0.9,-1.6,0.2,West
379,Vladimir Stepania\stepavl01,C,24,NJN,29,280,12.2,0.39799999999999996,0.045,0.386,14.0,31.2,22.4,9.4,1.9,2.9,15.6,19.8,-0.2,0.4,0.2,0.035,-5.1,0.8,-4.3,-0.2,East
380,DeShawn Stevenson\stevede01,SG,19,UTA,40,293,4.3,0.413,0.132,0.418,3.9,7.9,5.9,9.6,1.8,0.6,20.6,21.3,-0.6,0.2,-0.4,-0.071,-6.1,-1.7,-7.8,-0.4,West
381,Michael Stewart\stewami01,C,25,TOR,26,123,8.7,0.39399999999999996,0.0,0.529,14.3,12.2,13.3,2.4,1.7,1.7,10.7,17.1,0.0,0.1,0.1,0.036000000000000004,-4.2,-1.8,-6.0,-0.1,East
382,Bryant Stith\stithbr01,SG,30,BOS,78,2504,11.7,0.5379999999999999,0.396,0.33899999999999997,2.9,10.7,6.6,11.2,1.9,0.4,11.4,14.4,3.1,1.7,4.8,0.09300000000000001,-0.1,-0.4,-0.5,1.0,East
383,John Stockton*\stockjo01,PG,38,UTA,82,2397,22.3,0.61,0.203,0.42700000000000005,2.9,8.8,5.9,48.7,2.9,0.7,20.8,18.8,8.2,2.6,10.8,0.21600000000000003,4.9,-1.4,3.5,3.3,West
384,Peja Stojakovic\stojape01,SF,23,SAC,75,2905,18.4,0.5760000000000001,0.303,0.262,3.5,12.3,8.0,9.6,1.6,0.3,9.9,22.4,6.8,3.3,10.1,0.168,3.0,-0.6,2.5,3.2,West
385,Damon Stoudamire\stoudda01,PG,27,POR,82,2655,16.3,0.519,0.23399999999999999,0.221,3.2,10.2,6.8,29.1,2.1,0.2,15.7,21.3,4.1,2.5,6.7,0.121,1.8,-0.7,1.1,2.1,West
386,Erick Strickland\stricer01,PG,27,TOT,50,830,10.7,0.431,0.35600000000000004,0.29600000000000004,2.6,15.2,9.0,18.6,2.9,0.2,13.7,19.9,-0.4,1.2,0.8,0.046,-2.1,0.7,-1.4,0.1,NaN
386,Erick Strickland\stricer01,PG,27,NYK,28,421,8.4,0.419,0.359,0.214,2.7,12.0,7.5,11.5,2.9,0.2,12.8,19.1,-0.4,0.7,0.3,0.039,-2.9,1.0,-2.0,0.0,East
386,Erick Strickland\stricer01,PG,27,VAN,22,409,13.1,0.442,0.353,0.375,2.5,18.6,10.6,25.8,2.8,0.2,14.6,20.7,0.0,0.5,0.5,0.053,-1.2,0.4,-0.8,0.1,West
387,Mark Strickland\stricma01,SF,30,TOT,55,719,11.9,0.467,0.008,0.293,8.1,16.7,12.3,5.6,1.2,2.1,11.2,18.9,0.1,0.5,0.6,0.037000000000000005,-4.0,-1.3,-5.3,-0.6,NaN
387,Mark Strickland\stricma01,SF,30,DEN,46,517,13.3,0.47600000000000003,0.005,0.319,8.9,16.4,12.6,5.5,1.2,2.5,10.2,20.3,0.2,0.4,0.6,0.054000000000000006,-3.4,-1.4,-4.9,-0.4,West
387,Mark Strickland\stricma01,SF,30,NJN,9,202,8.2,0.433,0.019,0.204,6.1,17.6,11.7,5.8,1.0,1.1,14.5,15.5,-0.1,0.1,0.0,-0.006,-5.3,-1.1,-6.4,-0.2,East
388,Rod Strickland\stricro02,PG,34,TOT,54,1371,16.1,0.493,0.04,0.40299999999999997,3.1,9.0,6.0,37.1,2.0,0.3,17.5,20.1,1.7,0.5,2.2,0.076,0.4,-2.2,-1.8,0.1,NaN
388,Rod Strickland\stricro02,PG,34,WAS,33,1020,17.4,0.507,0.048,0.444,2.8,9.4,6.0,38.9,2.2,0.3,17.3,20.9,1.5,0.3,1.8,0.084,1.3,-2.1,-0.8,0.3,East
388,Rod Strickland\stricro02,PG,34,POR,21,351,12.2,0.44299999999999995,0.01,0.265,3.9,7.9,6.0,31.9,1.5,0.2,18.0,17.7,0.1,0.2,0.4,0.053,-2.4,-2.2,-4.6,-0.2,West
389,Derek Strong\stronde01,PF,32,LAC,28,491,8.8,0.44299999999999995,0.009000000000000001,0.316,8.2,16.8,12.6,2.3,1.5,0.1,14.2,14.6,-0.1,0.4,0.3,0.026000000000000002,-4.3,-1.2,-5.5,-0.4,West
390,Bruno Sundov\sundobr01,C,20,IND,11,120,11.0,0.498,0.098,0.122,3.9,17.4,10.9,3.1,0.9,2.4,6.5,18.0,0.1,0.1,0.2,0.079,-4.0,-1.6,-5.6,-0.1,East
391,Bob Sura\surabo01,SG,27,GSW,53,1684,11.2,0.48700000000000004,0.332,0.365,3.1,11.9,7.1,23.1,1.6,0.3,21.0,19.1,-0.3,0.4,0.1,0.003,-1.2,-1.5,-2.8,-0.3,West
392,Stromile Swift\swiftst01,PF,21,VAN,80,1312,13.1,0.48700000000000004,0.012,0.41600000000000004,9.6,15.1,12.4,3.5,2.5,4.3,13.8,16.2,0.2,1.6,1.9,0.069,-3.4,1.9,-1.5,0.2,West
393,Wally Szczerbiak\szczewa02,SF,23,MIN,82,2856,15.8,0.5660000000000001,0.084,0.226,5.3,12.7,8.9,14.5,1.1,0.8,12.0,18.2,5.7,1.7,7.4,0.125,1.6,-0.4,1.2,2.3,West
394,Zan Tabak\tabakza01,C,30,IND,55,777,10.5,0.523,0.0,0.253,9.8,20.9,15.5,7.3,0.7,2.8,21.6,15.8,-0.1,1.0,0.9,0.055999999999999994,-4.0,0.8,-3.2,-0.2,East
395,Dragan Tarlac\tarladr01,C,27,CHI,43,598,5.6,0.45399999999999996,0.0,0.33299999999999996,7.1,17.5,12.1,8.4,0.6,2.4,25.1,11.8,-0.4,0.2,-0.2,-0.016,-6.0,-0.3,-6.3,-0.7,East
396,Maurice Taylor\tayloma01,SF,24,HOU,69,1972,14.9,0.518,0.005,0.203,6.6,15.4,11.1,9.7,0.8,1.3,12.6,23.2,1.8,1.4,3.2,0.077,-1.2,-1.1,-2.2,-0.1,West
397,Jason Terry\terryja01,SG,23,ATL,82,3089,17.3,0.531,0.23,0.262,1.5,8.2,4.9,24.3,1.8,0.3,13.6,25.5,4.9,1.6,6.5,0.1,2.9,-1.6,1.4,2.6,East
398,Jamel Thomas\thomaja01,SF,27,NJN,5,56,0.8,0.342,0.158,0.0,8.0,10.6,9.2,0.0,2.8,0.0,24.0,20.2,-0.2,0.0,-0.2,-0.171,-10.2,-4.0,-14.2,-0.2,East
399,Kenny Thomas\thomake01,PF,23,HOU,74,1820,11.2,0.507,0.198,0.271,8.0,18.3,13.3,6.7,1.2,1.6,18.2,16.1,0.5,1.7,2.2,0.057999999999999996,-1.9,0.4,-1.5,0.2,West
400,Kurt Thomas\thomaku01,PF,28,NYK,77,2125,16.9,0.5660000000000001,0.005,0.342,10.1,18.9,14.6,5.4,1.6,2.6,12.3,18.5,4.1,4.1,8.2,0.185,0.0,2.1,2.1,2.2,East
401,Tim Thomas\thomati01,PF,23,MIL,76,2086,16.4,0.5489999999999999,0.34299999999999997,0.33399999999999996,4.3,12.6,8.5,10.5,1.9,1.6,11.6,21.3,3.7,1.7,5.5,0.126,1.5,-0.8,0.7,1.4,East
402,Otis Thorpe\thorpot01,PF,38,CHH,49,647,7.6,0.48700000000000004,0.0,0.183,8.9,16.7,12.8,7.3,1.0,0.8,18.4,12.4,0.1,0.8,1.0,0.071,-4.1,0.2,-3.9,-0.3,East
403,Robert Traylor\traylro01,C,23,CLE,70,1212,14.1,0.521,0.006,0.435,11.9,16.8,14.3,8.7,2.1,4.6,20.2,18.0,0.3,1.5,1.9,0.07400000000000001,-1.6,2.3,0.8,0.8,East
404,Gary Trent\trentga01,PF,26,DAL,33,319,13.8,0.456,0.008,0.27699999999999997,14.0,18.1,16.1,5.2,2.1,1.8,13.1,23.9,-0.1,0.5,0.4,0.057,-3.3,-1.2,-4.5,-0.2,West
405,Jake Tsakalidis\tsakaja01,C,21,PHO,57,947,9.6,0.502,0.0,0.423,9.8,19.4,14.5,3.2,0.5,4.2,20.6,15.1,-0.3,1.6,1.3,0.067,-5.3,1.5,-3.9,-0.4,West
406,Hedo Turkoglu\turkohe01,SF,21,SAC,74,1245,11.7,0.509,0.257,0.33399999999999996,4.4,13.6,9.1,8.3,2.1,1.3,12.5,15.6,1.0,1.8,2.8,0.106,-1.6,0.9,-0.8,0.4,West
407,Nick Van Exel\vanexni01,PG,29,DEN,71,2688,18.5,0.515,0.322,0.22399999999999998,1.8,8.1,4.9,38.4,1.2,0.5,11.9,23.0,6.1,0.3,6.4,0.114,4.0,-2.9,1.1,2.1,West
408,Keith Van Horn\vanhoke01,SF,25,NJN,49,1733,15.5,0.526,0.24,0.263,5.0,18.3,11.5,9.0,1.2,0.9,11.5,23.4,1.7,1.2,2.8,0.079,0.2,-1.5,-1.3,0.3,East
409,David Vanterpool\vanteda01,PG,27,WAS,22,411,10.9,0.462,0.055,0.455,4.2,6.4,5.3,26.4,2.9,0.5,21.9,18.3,-0.2,0.2,0.0,0.0,-2.2,-1.4,-3.6,-0.2,East
410,Jacque Vaughn\vaughja01,PG,25,UTA,82,1620,12.8,0.535,0.198,0.41700000000000004,1.4,9.9,5.7,31.0,1.6,0.2,21.7,16.9,1.8,1.1,3.0,0.08800000000000001,-0.4,-1.8,-2.2,-0.1,West
411,Loy Vaught\vaughlo01,PF,32,TOT,51,549,13.3,0.484,0.0,0.059000000000000004,10.7,24.8,17.8,6.8,2.0,0.9,13.0,16.4,0.3,0.8,1.0,0.091,-2.6,0.1,-2.5,-0.1,NaN
411,Loy Vaught\vaughlo01,PF,32,DAL,37,392,11.9,0.461,0.0,0.05,10.2,24.4,17.5,6.4,2.0,0.9,12.7,16.4,0.1,0.6,0.7,0.084,-3.2,0.4,-2.8,-0.1,West
411,Loy Vaught\vaughlo01,PF,32,WAS,14,157,16.8,0.5429999999999999,0.0,0.083,11.7,25.8,18.6,8.0,2.0,0.9,13.9,16.4,0.2,0.1,0.3,0.106,-1.0,-0.6,-1.6,0.0,East
412,Jake Voskuhl\voskuja01,C,23,CHI,16,143,5.8,0.48100000000000004,0.0,0.56,9.6,19.0,14.1,5.7,1.9,3.1,27.8,14.0,-0.2,0.1,0.0,-0.006999999999999999,-6.3,0.4,-5.9,-0.1,East
413,Antoine Walker\walkean02,PF,24,BOS,81,3396,18.9,0.505,0.35100000000000003,0.20199999999999999,5.0,20.4,12.3,26.8,2.1,1.1,13.8,29.1,2.7,3.8,6.6,0.09300000000000001,3.2,0.6,3.9,5.0,East
414,Samaki Walker\walkesa01,PF,24,SAS,61,963,12.2,0.524,0.012,0.49200000000000005,8.3,19.7,14.3,5.0,0.6,2.9,18.2,18.3,0.2,1.7,1.9,0.09300000000000001,-3.6,0.9,-2.6,-0.2,West
415,Ben Wallace\wallabe01,C,26,DET,80,2760,14.8,0.47,0.009000000000000001,0.542,11.5,29.6,20.4,6.8,2.0,4.8,17.7,10.4,1.0,6.0,7.0,0.121,-2.4,5.7,3.4,3.7,East
416,John Wallace\wallajo01,SF,26,DET,40,527,11.2,0.46299999999999997,0.064,0.191,5.0,12.0,8.4,8.0,1.3,2.1,12.3,24.0,-0.3,0.6,0.3,0.027000000000000003,-4.0,-1.1,-5.1,-0.4,East
417,Rasheed Wallace\wallara01,PF,26,POR,77,2940,20.9,0.56,0.138,0.272,6.2,17.9,12.2,12.9,1.6,3.4,10.7,23.4,6.8,4.2,11.0,0.18,2.5,1.6,4.1,4.5,West
418,Charlie Ward\wardch01,PG,30,NYK,61,1492,14.5,0.536,0.469,0.188,2.7,10.0,6.4,31.1,2.6,0.5,21.7,16.9,1.5,2.4,3.9,0.127,1.1,0.7,1.9,1.4,East
419,Clarence Weatherspoon\weathcl01,PF,30,CLE,82,2774,17.4,0.563,0.0,0.42100000000000004,9.3,23.9,16.6,6.2,1.6,2.8,12.0,15.2,5.2,3.4,8.6,0.14800000000000002,0.2,1.8,2.0,2.8,East
420,Chris Webber\webbech01,PF,27,SAC,70,2836,24.7,0.516,0.017,0.282,7.0,22.1,14.8,20.6,1.7,2.8,9.6,31.6,5.8,5.2,11.0,0.18600000000000003,2.6,2.4,4.9,4.9,West
421,Bonzi Wells\wellsbo01,SF,24,POR,75,1995,18.8,0.5710000000000001,0.069,0.331,7.4,14.3,11.0,18.4,2.5,0.7,16.9,23.3,3.4,2.6,5.9,0.14300000000000002,1.9,0.7,2.6,2.3,West
422,David Wesley\wesleda01,SG,30,CHH,82,3106,15.3,0.509,0.20800000000000002,0.27399999999999997,2.4,5.9,4.1,21.7,2.2,0.4,11.0,23.1,4.2,3.4,7.6,0.11699999999999999,1.4,-1.1,0.3,1.8,East
423,Doug West\westdo01,SG,33,VAN,15,171,4.2,0.341,0.053,0.184,2.7,7.3,5.0,12.4,0.9,1.6,8.9,12.0,-0.1,0.0,-0.1,-0.027999999999999997,-5.8,-0.8,-6.6,-0.2,West
424,Jahidi White\whiteja01,C,24,WAS,68,1609,14.7,0.535,0.002,0.765,12.7,25.4,18.9,2.1,1.0,4.9,20.0,18.9,0.5,1.6,2.1,0.061,-3.5,-0.5,-4.0,-0.8,East
425,Chris Whitney\whitnch01,PG,29,WAS,59,1532,13.2,0.537,0.528,0.24,0.9,7.3,4.0,26.9,1.9,0.1,16.5,18.1,2.1,0.2,2.3,0.07200000000000001,1.8,-3.3,-1.5,0.2,East
426,Aaron Williams\williaa01,PF,29,NJN,82,2336,15.1,0.5329999999999999,0.003,0.47700000000000004,10.1,19.2,14.5,6.5,1.3,3.6,14.4,17.8,2.9,2.3,5.2,0.107,-1.5,0.9,-0.5,0.9,East
427,Alvin Williams\willial02,SG,26,TOR,82,2394,15.2,0.483,0.141,0.18899999999999997,2.3,7.8,5.0,27.2,2.7,0.8,11.0,17.4,3.3,2.1,5.4,0.109,0.9,-0.3,0.6,1.6,East
428,Eric Williams\willier01,SF,28,BOS,81,1745,10.0,0.48700000000000004,0.31,0.516,4.1,10.0,6.9,10.6,1.9,0.6,12.1,16.3,1.0,1.2,2.2,0.06,-1.9,-1.0,-2.9,-0.4,East
429,Jason Williams\willija02,PG,25,SAC,77,2290,12.8,0.498,0.451,0.11,0.9,7.6,4.4,27.6,2.1,0.3,18.1,17.0,1.3,2.4,3.8,0.079,0.0,-1.0,-1.0,0.6,West
430,Jerome Williams\willije01,PF,27,TOT,59,1182,15.7,0.526,0.01,0.45899999999999996,12.0,23.4,17.5,6.1,2.5,1.2,15.1,15.4,1.5,2.0,3.5,0.141,-1.3,1.6,0.4,0.7,NaN
430,Jerome Williams\willije01,PF,27,DET,33,804,14.9,0.501,0.01,0.44799999999999995,12.8,24.4,18.5,6.4,2.5,0.9,16.3,15.5,0.7,1.4,2.1,0.125,-1.7,1.9,0.2,0.5,East
430,Jerome Williams\willije01,PF,27,TOR,26,378,17.3,0.581,0.011000000000000001,0.484,10.2,21.1,15.5,5.4,2.5,1.9,12.4,15.2,0.8,0.6,1.4,0.174,-0.3,0.9,0.6,0.2,East
431,Monty Williams\willimo01,SF,29,ORL,82,1211,11.0,0.485,0.036000000000000004,0.365,7.7,14.7,11.1,10.5,1.2,1.0,16.7,18.5,0.1,1.2,1.3,0.051,-3.2,-0.8,-3.9,-0.6,East
432,Scott Williams\willisc01,C,32,MIL,66,1272,14.2,0.514,0.011000000000000001,0.19399999999999998,8.7,23.6,16.2,4.2,2.0,1.8,9.5,15.4,1.7,1.7,3.4,0.128,-2.1,0.1,-2.0,0.0,East
433,Shammond Williams\willish01,PG,25,SEA,69,1238,15.4,0.569,0.361,0.261,3.2,9.0,6.1,24.2,1.3,0.2,16.7,17.9,2.6,0.3,2.9,0.11199999999999999,1.6,-2.7,-1.1,0.3,West
434,Walt Williams\williwa02,SF,30,HOU,72,1583,12.6,0.527,0.483,0.24600000000000002,2.3,15.3,9.0,10.0,1.0,1.2,11.4,18.7,1.8,1.2,3.0,0.09,0.2,-1.2,-0.9,0.4,West
435,Corliss Williamson\willico02,SF,27,TOT,69,1686,15.1,0.5329999999999999,0.003,0.366,7.0,14.0,10.4,6.5,1.5,0.9,12.8,22.5,1.6,1.6,3.2,0.092,-1.2,-1.1,-2.3,-0.1,NaN
435,Corliss Williamson\willico02,SF,27,TOR,42,886,12.1,0.51,0.006,0.4,7.1,12.5,9.7,6.3,0.9,1.0,14.5,22.6,0.3,0.6,0.8,0.045,-2.4,-2.1,-4.5,-0.6,East
435,Corliss Williamson\willico02,SF,27,DET,27,800,18.4,0.557,0.0,0.332,7.0,15.7,11.2,6.7,2.2,0.7,10.9,22.4,1.3,1.1,2.4,0.14400000000000002,0.3,0.0,0.2,0.4,East
436,Kevin Willis\willike02,C,38,TOT,78,1830,14.6,0.478,0.009000000000000001,0.213,10.5,21.8,16.0,4.6,1.6,2.0,10.3,20.5,1.1,2.0,3.1,0.081,-2.6,-0.7,-3.3,-0.6,NaN
436,Kevin Willis\willike02,C,38,TOR,35,771,15.3,0.507,0.006999999999999999,0.301,9.7,23.2,16.3,4.5,1.3,1.9,11.6,20.0,0.8,0.9,1.7,0.106,-2.2,-0.8,-3.1,-0.2,East
436,Kevin Willis\willike02,C,38,DEN,43,1059,14.1,0.45899999999999996,0.01,0.157,11.0,20.8,15.9,4.7,1.9,2.0,9.5,20.9,0.3,1.1,1.4,0.063,-2.8,-0.6,-3.4,-0.4,West
437,David Wingate\wingada01,SG,37,SEA,1,9,35.8,1.0,0.0,0.0,0.0,0.0,0.0,51.5,0.0,0.0,0.0,15.0,0.1,0.0,0.1,0.44799999999999995,9.9,-15.1,-5.2,0.0,West
438,Ruben Wolkowyski\wolkoru01,PF,27,SEA,34,305,6.4,0.39899999999999997,0.025,0.43,4.5,12.7,8.7,1.4,1.0,4.3,11.3,15.7,-0.3,0.2,-0.1,-0.012,-6.7,-0.9,-7.5,-0.4,West
439,Metta World Peace\artesro01,SF,21,CHI,76,2363,13.6,0.483,0.182,0.344,2.9,12.3,7.4,17.6,3.5,1.4,14.5,21.6,-0.1,2.0,1.9,0.039,-1.1,0.3,-0.7,0.7,East
440,Lorenzen Wright\wrighlo02,C,25,ATL,71,1988,15.7,0.486,0.002,0.266,10.0,20.0,15.0,8.0,1.1,2.3,12.1,23.2,1.1,2.0,3.2,0.077,-1.6,-0.1,-1.7,0.1,East
441,Wang Zhizhi\zhizhwa01,C,23,DAL,5,38,14.9,0.513,0.105,0.526,3.0,17.2,10.3,0.0,0.0,0.0,4.1,29.2,0.1,0.0,0.1,0.122,-4.5,-9.3,-13.8,-0.1,West
